season,team,week,date,opponent,conference_game,venue,attendance,capacity,pct_of_capacity,capacity_estimated
2012,Arizona,1,2012-09-01,Toledo,false,Arizona Stadium,48670,51811,0.9394,false
2012,Arizona,2,2012-09-08,Oklahoma State,false,Arizona Stadium,45602,51811,0.8802,false
2012,Arizona,3,2012-09-15,South Carolina State,false,Arizona Stadium,43919,51811,0.8477,false
2012,Arizona,5,2012-09-29,Oregon State,false,Arizona Stadium,44153,51811,0.8522,false
2012,Arizona,8,2012-10-20,Washington,false,Arizona Stadium,50148,51811,0.9679,false
2012,Arizona,9,2012-10-27,USC,false,Arizona Stadium,47822,51811,0.9230,false
2012,Arizona,11,2012-11-10,Colorado,false,Arizona Stadium,51236,51811,0.9889,false
2012,Arizona,13,2012-11-23,Arizona State,false,Arizona Stadium,51901,51811,1.0017,false
2012,Arizona State,1,2012-08-30,Northern Arizona,false,Sun Devil Stadium,48658,71706,0.6786,false
2012,Arizona State,2,2012-09-08,Illinois,false,Sun Devil Stadium,54128,71706,0.7549,false
2012,Arizona State,4,2012-09-22,Utah,false,Sun Devil Stadium,58107,71706,0.8104,false
2012,Arizona State,8,2012-10-18,Oregon,false,Sun Devil Stadium,71004,71706,0.9902,false
2012,Arizona State,9,2012-10-27,UCLA,false,Sun Devil Stadium,55672,71706,0.7764,false
2012,Arizona State,12,2012-11-17,Washington State,false,Sun Devil Stadium,53438,71706,0.7452,false
2012,BYU,1,2012-08-30,Washington State,false,LaVell Edwards Stadium,57045,63470,0.8988,false
2012,BYU,2,2012-09-08,Weber State,false,LaVell Edwards Stadium,60314,63470,0.9503,false
2012,BYU,5,2012-09-28,Hawai'i,false,LaVell Edwards Stadium,62022,63470,0.9772,false
2012,BYU,6,2012-10-05,Utah State,false,LaVell Edwards Stadium,63086,63470,0.9939,false
2012,BYU,7,2012-10-13,Oregon State,false,LaVell Edwards Stadium,63489,63470,1.0003,false
2012,BYU,11,2012-11-10,Idaho,false,LaVell Edwards Stadium,61009,63470,0.9612,false
2012,Baylor,1,2012-09-02,SMU,false,Floyd Casey Stadium,43514,50000,0.8703,false
2012,Baylor,7,2012-10-13,TCU,true,Floyd Casey Stadium,42524,50000,0.8505,false
2012,Baylor,10,2012-11-03,Kansas,true,Floyd Casey Stadium,39039,50000,0.7808,false
2012,Baylor,12,2012-11-17,Kansas State,true,Floyd Casey Stadium,38029,50000,0.7606,false
2012,Baylor,14,2012-12-01,Oklahoma State,true,Floyd Casey Stadium,39203,50000,0.7841,false
2012,Cincinnati,2,2012-09-06,Pittsburgh,false,Nippert Stadium,33562,35000,0.9589,false
2012,Cincinnati,3,2012-09-15,Delaware State,false,Nippert Stadium,27112,35000,0.7746,false
2012,Cincinnati,6,2012-10-06,Miami (OH),false,Nippert Stadium,35097,35000,1.0028,false
2012,Cincinnati,7,2012-10-13,Fordham,false,Nippert Stadium,26317,35000,0.7519,false
2012,Cincinnati,10,2012-11-03,Syracuse,false,Nippert Stadium,26180,35000,0.7480,false
2012,Cincinnati,12,2012-11-17,Rutgers,false,Nippert Stadium,34526,35000,0.9865,false
2012,Cincinnati,13,2012-11-23,South Florida,false,Nippert Stadium,21171,35000,0.6049,false
2012,Colorado,2,2012-09-08,Sacramento State,false,Folsom Field,46843,53613,0.8737,false
2012,Colorado,5,2012-09-29,UCLA,false,Folsom Field,46893,53613,0.8747,false
2012,Colorado,7,2012-10-11,Arizona State,false,Folsom Field,45161,53613,0.8424,false
2012,Colorado,10,2012-11-03,Stanford,false,Folsom Field,44138,53613,0.8233,false
2012,Colorado,12,2012-11-17,Washington,false,Folsom Field,43148,53613,0.8048,false
2012,Colorado,13,2012-11-23,Utah,false,Folsom Field,46052,53613,0.8590,false
2012,Houston,1,2012-09-01,Texas State,false,Robertson Stadium,32207,32000,1.0065,false
2012,Houston,2,2012-09-08,Louisiana Tech,false,Robertson Stadium,29142,32000,0.9107,false
2012,Houston,6,2012-10-06,North Texas,false,Robertson Stadium,25476,32000,0.7961,false
2012,Houston,7,2012-10-13,UAB,false,Robertson Stadium,25242,32000,0.7888,false
2012,Houston,9,2012-10-27,UTEP,false,Robertson Stadium,27433,32000,0.8573,false
2012,Houston,11,2012-11-10,Tulsa,false,Robertson Stadium,25827,32000,0.8071,false
2012,Houston,13,2012-11-24,Tulane,false,Robertson Stadium,25402,32000,0.7938,false
2012,Iowa State,1,2012-09-01,Tulsa,false,Jack Trice Stadium,54931,55000,0.9987,false
2012,Iowa State,3,2012-09-15,Western Illinois,false,Jack Trice Stadium,55783,55000,1.0142,false
2012,Iowa State,5,2012-09-29,Texas Tech,true,Jack Trice Stadium,54149,55000,0.9845,false
2012,Iowa State,7,2012-10-13,Kansas State,true,Jack Trice Stadium,56800,55000,1.0327,false
2012,Iowa State,9,2012-10-27,Baylor,true,Jack Trice Stadium,54877,55000,0.9978,false
2012,Iowa State,10,2012-11-03,Oklahoma,true,Jack Trice Stadium,56585,55000,1.0288,false
2012,Iowa State,13,2012-11-23,West Virginia,true,Jack Trice Stadium,53792,55000,0.9780,false
2012,Kansas,1,2012-09-01,South Dakota State,false,Memorial Stadium,46601,50071,0.9307,false
2012,Kansas,2,2012-09-08,Rice,false,Memorial Stadium,44683,50071,0.8924,false
2012,Kansas,3,2012-09-15,TCU,true,Memorial Stadium,43867,50071,0.8761,false
2012,Kansas,7,2012-10-13,Oklahoma State,true,Memorial Stadium,31115,50071,0.6214,false
2012,Kansas,9,2012-10-27,Texas,true,Memorial Stadium,40097,50071,0.8008,false
2012,Kansas,12,2012-11-17,Iowa State,true,Memorial Stadium,41608,50071,0.8310,false
2012,Kansas State,1,2012-09-01,Missouri State,false,Bill Snyder Family Football Stadium,50007,50000,1.0001,false
2012,Kansas State,2,2012-09-08,Miami,false,Bill Snyder Family Football Stadium,48843,50000,0.9769,false
2012,Kansas State,3,2012-09-15,North Texas,false,Bill Snyder Family Football Stadium,50290,50000,1.0058,false
2012,Kansas State,6,2012-10-06,Kansas,true,Bill Snyder Family Football Stadium,50344,50000,1.0069,false
2012,Kansas State,9,2012-10-27,Texas Tech,true,Bill Snyder Family Football Stadium,50766,50000,1.0153,false
2012,Kansas State,10,2012-11-03,Oklahoma State,true,Bill Snyder Family Football Stadium,50781,50000,1.0156,false
2012,Kansas State,14,2012-12-01,Texas,true,Bill Snyder Family Football Stadium,50912,50000,1.0182,false
2012,Oklahoma State,1,2012-09-01,Savannah State,false,Boone Pickens Stadium,55784,60218,0.9264,false
2012,Oklahoma State,3,2012-09-15,Louisiana,false,Boone Pickens Stadium,56062,60218,0.9310,false
2012,Oklahoma State,5,2012-09-29,Texas,true,Boone Pickens Stadium,56709,60218,0.9417,false
2012,Oklahoma State,8,2012-10-20,Iowa State,true,Boone Pickens Stadium,57019,60218,0.9469,false
2012,Oklahoma State,9,2012-10-27,TCU,true,Boone Pickens Stadium,57183,60218,0.9496,false
2012,Oklahoma State,11,2012-11-10,West Virginia,true,Boone Pickens Stadium,57799,60218,0.9598,false
2012,Oklahoma State,12,2012-11-17,Texas Tech,true,Boone Pickens Stadium,55341,60218,0.9190,false
2012,TCU,2,2012-09-08,Grambling,false,Amon G. Carter Stadium,45112,45000,1.0025,false
2012,TCU,4,2012-09-22,Virginia,false,Amon G. Carter Stadium,46330,45000,1.0296,false
2012,TCU,6,2012-10-06,Iowa State,true,Amon G. Carter Stadium,42152,45000,0.9367,false
2012,TCU,8,2012-10-20,Texas Tech,true,Amon G. Carter Stadium,47894,45000,1.0643,false
2012,TCU,11,2012-11-10,Kansas State,true,Amon G. Carter Stadium,47292,45000,1.0509,false
2012,TCU,14,2012-12-01,Oklahoma,true,Amon G. Carter Stadium,47501,45000,1.0556,false
2012,Texas Tech,1,2012-09-01,Northwestern State,false,Jones AT&T Stadium,50237,60454,0.8310,false
2012,Texas Tech,3,2012-09-15,New Mexico,false,Jones AT&T Stadium,58955,60454,0.9752,false
2012,Texas Tech,6,2012-10-06,Oklahoma,true,Jones AT&T Stadium,60800,60454,1.0057,false
2012,Texas Tech,7,2012-10-13,West Virginia,true,Jones AT&T Stadium,57328,60454,0.9483,false
2012,Texas Tech,10,2012-11-03,Texas,true,Jones AT&T Stadium,60879,60454,1.0070,false
2012,Texas Tech,11,2012-11-10,Kansas,true,Jones AT&T Stadium,55052,60454,0.9106,false
2012,UCF,3,2012-09-15,Florida International,false,Bright House Networks Stadium,40478,45301,0.8935,false
2012,UCF,5,2012-09-29,Missouri,false,Bright House Networks Stadium,35835,45301,0.7910,false
2012,UCF,6,2012-10-04,East Carolina,false,Bright House Networks Stadium,32181,45301,0.7104,false
2012,UCF,7,2012-10-13,Southern Miss,false,Bright House Networks Stadium,34514,45301,0.7619,false
2012,UCF,10,2012-11-03,SMU,false,Bright House Networks Stadium,36036,45301,0.7955,false
2012,UCF,13,2012-11-24,UAB,false,Bright House Networks Stadium,28602,45301,0.6314,false
2012,Utah,1,2012-08-30,Northern Colorado,false,Rice-Eccles Stadium,45273,45017,1.0057,false
2012,Utah,3,2012-09-15,BYU,false,Rice-Eccles Stadium,45653,45017,1.0141,false
2012,Utah,6,2012-10-04,USC,false,Rice-Eccles Stadium,46037,45017,1.0227,false
2012,Utah,9,2012-10-27,California,false,Rice-Eccles Stadium,45017,45017,1.0000,false
2012,Utah,10,2012-11-03,Washington State,false,Rice-Eccles Stadium,45069,45017,1.0012,false
2012,Utah,12,2012-11-17,Arizona,false,Rice-Eccles Stadium,45031,45017,1.0003,false
2012,West Virginia,1,2012-09-01,Marshall,false,Milan Puskar Stadium,59120,60000,0.9853,false
2012,West Virginia,4,2012-09-22,Maryland,false,Milan Puskar Stadium,58504,60000,0.9751,false
2012,West Virginia,5,2012-09-29,Baylor,true,Milan Puskar Stadium,60012,60000,1.0002,false
2012,West Virginia,8,2012-10-20,Kansas State,true,Milan Puskar Stadium,60101,60000,1.0017,false
2012,West Virginia,10,2012-11-03,TCU,true,Milan Puskar Stadium,52322,60000,0.8720,false
2012,West Virginia,12,2012-11-17,Oklahoma,true,Milan Puskar Stadium,50238,60000,0.8373,false
2012,West Virginia,14,2012-12-01,Kansas,true,Milan Puskar Stadium,51112,60000,0.8519,false
2013,Arizona,1,2013-08-30,Northern Arizona,false,Arizona Stadium,53793,56037,0.9600,false
2013,Arizona,3,2013-09-14,UTSA,false,Arizona Stadium,41661,56037,0.7435,false
2013,Arizona,8,2013-10-19,Utah,false,Arizona Stadium,50871,56037,0.9078,false
2013,Arizona,11,2013-11-09,UCLA,false,Arizona Stadium,51531,56037,0.9196,false
2013,Arizona,12,2013-11-16,Washington State,false,Arizona Stadium,42080,56037,0.7509,false
2013,Arizona,13,2013-11-23,Oregon,false,Arizona Stadium,45777,56037,0.8169,false
2013,Arizona State,2,2013-09-05,Sacramento State,false,Sun Devil Stadium,55743,71706,0.7774,false
2013,Arizona State,3,2013-09-14,Wisconsin,false,Sun Devil Stadium,66155,71706,0.9226,false
2013,Arizona State,5,2013-09-28,USC,false,Sun Devil Stadium,64987,71706,0.9063,false
2013,Arizona State,7,2013-10-12,Colorado,false,Sun Devil Stadium,50104,71706,0.6987,false
2013,Arizona State,8,2013-10-19,Washington,false,Sun Devil Stadium,60057,71706,0.8375,false
2013,Arizona State,12,2013-11-16,Oregon State,false,Sun Devil Stadium,62386,71706,0.8700,false
2013,Arizona State,14,2013-11-30,Arizona,false,Sun Devil Stadium,72542,71706,1.0117,false
2013,Arizona State,15,2013-12-07,Stanford,false,Sun Devil Stadium,69535,71706,0.9697,false
2013,BYU,2,2013-09-07,Texas,false,LaVell Edwards Stadium,63197,63470,0.9957,false
2013,BYU,4,2013-09-21,Utah,false,LaVell Edwards Stadium,63470,63470,1.0000,false
2013,BYU,5,2013-09-27,Middle Tennessee,false,LaVell Edwards Stadium,58763,63470,0.9258,false
2013,BYU,7,2013-10-12,Georgia Tech,false,LaVell Edwards Stadium,60320,63470,0.9504,false
2013,BYU,9,2013-10-25,Boise State,false,LaVell Edwards Stadium,62954,63470,0.9919,false
2013,BYU,12,2013-11-16,Idaho State,false,LaVell Edwards Stadium,58645,63470,0.9240,false
2013,Baylor,2,2013-09-07,Buffalo,false,Floyd Casey Stadium,39126,50000,0.7825,false
2013,Baylor,4,2013-09-21,UL Monroe,false,Floyd Casey Stadium,42967,50000,0.8593,false
2013,Baylor,6,2013-10-05,West Virginia,true,Floyd Casey Stadium,45467,50000,0.9093,false
2013,Baylor,8,2013-10-19,Iowa State,true,Floyd Casey Stadium,46825,50000,0.9365,false
2013,Baylor,11,2013-11-07,Oklahoma,true,Floyd Casey Stadium,50537,50000,1.0107,false
2013,Baylor,15,2013-12-07,Texas,true,Floyd Casey Stadium,51728,50000,1.0346,false
2013,Cincinnati,1,2013-08-31,Purdue,false,Nippert Stadium,36007,35000,1.0288,false
2013,Cincinnati,3,2013-09-14,Northwestern State,false,Nippert Stadium,30384,35000,0.8681,false
2013,Cincinnati,7,2013-10-11,Temple,false,Nippert Stadium,32220,35000,0.9206,false
2013,Cincinnati,8,2013-10-19,UConn,false,Nippert Stadium,28847,35000,0.8242,false
2013,Cincinnati,11,2013-11-09,SMU,false,Nippert Stadium,28069,35000,0.8020,false
2013,Cincinnati,15,2013-12-05,Louisville,false,Nippert Stadium,35097,35000,1.0028,false
2013,Colorado,2,2013-09-07,Central Arkansas,false,Folsom Field,35168,53613,0.6560,false
2013,Colorado,6,2013-10-05,Oregon,false,Folsom Field,45944,53613,0.8570,false
2013,Colorado,8,2013-10-19,Charleston Southern,false,Folsom Field,36730,53613,0.6851,false
2013,Colorado,9,2013-10-26,Arizona,false,Folsom Field,38679,53613,0.7214,false
2013,Colorado,12,2013-11-16,California,false,Folsom Field,38252,53613,0.7135,false
2013,Colorado,13,2013-11-23,USC,false,Folsom Field,36005,53613,0.6716,false
2013,Houston,1,2013-08-30,Southern,false,Reliant Stadium,26205,71054,0.3688,false
2013,Houston,7,2013-10-12,Memphis,false,BBVA Compass Stadium,20103,22039,0.9122,false
2013,Houston,8,2013-10-19,BYU,false,Reliant Stadium,33115,71054,0.4661,false
2013,Houston,10,2013-10-31,South Florida,false,Reliant Stadium,22707,71054,0.3196,false
2013,Houston,13,2013-11-23,Cincinnati,false,BBVA Compass Stadium,20197,22039,0.9164,false
2013,Houston,14,2013-11-29,SMU,false,Reliant Stadium,23210,71054,0.3267,false
2013,Iowa State,1,2013-08-31,Northern Iowa,false,Jack Trice Stadium,56800,55000,1.0327,false
2013,Iowa State,3,2013-09-14,Iowa,false,Jack Trice Stadium,56800,55000,1.0327,false
2013,Iowa State,6,2013-10-03,Texas,true,Jack Trice Stadium,52762,55000,0.9593,false
2013,Iowa State,9,2013-10-26,Oklahoma State,true,Jack Trice Stadium,56800,55000,1.0327,false
2013,Iowa State,11,2013-11-09,TCU,true,Jack Trice Stadium,54922,55000,0.9986,false
2013,Iowa State,13,2013-11-23,Kansas,true,Jack Trice Stadium,54081,55000,0.9833,false
2013,Kansas,2,2013-09-07,South Dakota,false,Memorial Stadium,41920,50071,0.8372,false
2013,Kansas,4,2013-09-21,Louisiana Tech,false,Memorial Stadium,39823,50071,0.7953,false
2013,Kansas,6,2013-10-05,Texas Tech,true,Memorial Stadium,25648,50071,0.5122,false
2013,Kansas,8,2013-10-19,Oklahoma,true,Memorial Stadium,41113,50071,0.8211,false
2013,Kansas,9,2013-10-26,Baylor,true,Memorial Stadium,32264,50071,0.6444,false
2013,Kansas,12,2013-11-16,West Virginia,true,Memorial Stadium,30809,50071,0.6153,false
2013,Kansas,14,2013-11-30,Kansas State,true,Memorial Stadium,43610,50071,0.8710,false
2013,Kansas State,1,2013-08-30,North Dakota State,false,Bill Snyder Family Football Stadium,53351,50000,1.0670,false
2013,Kansas State,2,2013-09-07,Louisiana,false,Bill Snyder Family Football Stadium,53073,50000,1.0615,false
2013,Kansas State,3,2013-09-14,Massachusetts,false,Bill Snyder Family Football Stadium,52958,50000,1.0592,false
2013,Kansas State,7,2013-10-12,Baylor,true,Bill Snyder Family Football Stadium,52803,50000,1.0561,false
2013,Kansas State,9,2013-10-26,West Virginia,true,Bill Snyder Family Football Stadium,52898,50000,1.0580,false
2013,Kansas State,10,2013-11-02,Iowa State,true,Bill Snyder Family Football Stadium,52542,50000,1.0508,false
2013,Kansas State,12,2013-11-16,TCU,true,Bill Snyder Family Football Stadium,52697,50000,1.0539,false
2013,Kansas State,13,2013-11-23,Oklahoma,true,Bill Snyder Family Football Stadium,52773,50000,1.0555,false
2013,Oklahoma State,3,2013-09-14,Lamar,false,Boone Pickens Stadium,59061,60218,0.9808,false
2013,Oklahoma State,6,2013-10-05,Kansas State,true,Boone Pickens Stadium,58841,60218,0.9771,false
2013,Oklahoma State,8,2013-10-19,TCU,true,Boone Pickens Stadium,59638,60218,0.9904,false
2013,Oklahoma State,11,2013-11-09,Kansas,true,Boone Pickens Stadium,58476,60218,0.9711,false
2013,Oklahoma State,13,2013-11-23,Baylor,true,Boone Pickens Stadium,60218,60218,1.0000,false
2013,Oklahoma State,15,2013-12-07,Oklahoma,true,Boone Pickens Stadium,58520,60218,0.9718,false
2013,TCU,2,2013-09-07,SE Louisiana,false,Amon G. Carter Stadium,41170,45000,0.9149,false
2013,TCU,5,2013-09-28,SMU,false,Amon G. Carter Stadium,45111,45000,1.0025,false
2013,TCU,7,2013-10-12,Kansas,true,Amon G. Carter Stadium,41894,45000,0.9310,false
2013,TCU,9,2013-10-26,Texas,true,Amon G. Carter Stadium,48212,45000,1.0714,false
2013,TCU,10,2013-11-02,West Virginia,true,Amon G. Carter Stadium,41632,45000,0.9252,false
2013,TCU,14,2013-11-30,Baylor,true,Amon G. Carter Stadium,43568,45000,0.9682,false
2013,Texas Tech,2,2013-09-07,Stephen F. Austin,false,Jones AT&T Stadium,54086,60454,0.8947,false
2013,Texas Tech,3,2013-09-12,TCU,true,Jones AT&T Stadium,58701,60454,0.9710,false
2013,Texas Tech,4,2013-09-21,Texas State,false,Jones AT&T Stadium,60997,60454,1.0090,false
2013,Texas Tech,7,2013-10-12,Iowa State,true,Jones AT&T Stadium,57367,60454,0.9489,false
2013,Texas Tech,10,2013-11-02,Oklahoma State,true,Jones AT&T Stadium,61836,60454,1.0229,false
2013,Texas Tech,11,2013-11-09,Kansas State,true,Jones AT&T Stadium,54609,60454,0.9033,false
2013,UCF,1,2013-08-29,Akron,false,Bright House Networks Stadium,35115,45301,0.7751,false
2013,UCF,5,2013-09-28,South Carolina,false,Bright House Networks Stadium,47605,45301,1.0509,false
2013,UCF,9,2013-10-26,UConn,false,Bright House Networks Stadium,37924,45301,0.8372,false
2013,UCF,11,2013-11-09,Houston,false,Bright House Networks Stadium,44665,45301,0.9860,false
2013,UCF,13,2013-11-21,Rutgers,false,Bright House Networks Stadium,41244,45301,0.9104,false
2013,UCF,14,2013-11-29,South Florida,false,Bright House Networks Stadium,45952,45301,1.0144,false
2013,Utah,1,2013-08-29,Utah State,false,Rice-Eccles Stadium,45237,45017,1.0049,false
2013,Utah,2,2013-09-07,Weber State,false,Rice-Eccles Stadium,45053,45017,1.0008,false
2013,Utah,3,2013-09-14,Oregon State,false,Rice-Eccles Stadium,45221,45017,1.0045,false
2013,Utah,6,2013-10-03,UCLA,false,Rice-Eccles Stadium,45272,45017,1.0057,false
2013,Utah,7,2013-10-12,Stanford,false,Rice-Eccles Stadium,45372,45017,1.0079,false
2013,Utah,11,2013-11-09,Arizona State,false,Rice-Eccles Stadium,45183,45017,1.0037,false
2013,Utah,14,2013-11-30,Colorado,false,Rice-Eccles Stadium,45023,45017,1.0001,false
2013,West Virginia,1,2013-08-31,William & Mary,false,Milan Puskar Stadium,56350,60000,0.9392,false
2013,West Virginia,3,2013-09-14,Georgia State,false,Milan Puskar Stadium,57440,60000,0.9573,false
2013,West Virginia,5,2013-09-28,Oklahoma State,true,Milan Puskar Stadium,57280,60000,0.9547,false
2013,West Virginia,8,2013-10-19,Texas Tech,true,Milan Puskar Stadium,54084,60000,0.9014,false
2013,West Virginia,11,2013-11-09,Texas,true,Milan Puskar Stadium,58570,60000,0.9762,false
2013,West Virginia,14,2013-11-30,Iowa State,true,Milan Puskar Stadium,33735,60000,0.5623,false
2014,Arizona,1,2014-08-29,UNLV,false,Arizona Stadium,50103,55675,0.8999,false
2014,Arizona,3,2014-09-13,Nevada,false,Arizona Stadium,48504,55675,0.8712,false
2014,Arizona,4,2014-09-20,California,false,Arizona Stadium,45595,55675,0.8189,false
2014,Arizona,7,2014-10-11,USC,false,Arizona Stadium,56754,55675,1.0194,false
2014,Arizona,11,2014-11-08,Colorado,false,Arizona Stadium,50177,55675,0.9012,false
2014,Arizona,12,2014-11-15,Washington,false,Arizona Stadium,47757,55675,0.8578,false
2014,Arizona,14,2014-11-28,Arizona State,false,Arizona Stadium,56083,55675,1.0073,false
2014,Arizona State,1,2014-08-28,Weber State,false,Sun Devil Stadium,52133,65870,0.7915,false
2014,Arizona State,5,2014-09-25,UCLA,false,Sun Devil Stadium,60876,65870,0.9242,false
2014,Arizona State,8,2014-10-18,Stanford,false,Sun Devil Stadium,59012,65870,0.8959,false
2014,Arizona State,10,2014-11-01,Utah,false,Sun Devil Stadium,53754,65870,0.8161,false
2014,Arizona State,11,2014-11-08,Notre Dame,false,Sun Devil Stadium,65870,65870,1.0000,false
2014,Arizona State,13,2014-11-22,Washington State,false,Sun Devil Stadium,51428,65870,0.7807,false
2014,BYU,3,2014-09-11,Houston,false,LaVell Edwards Stadium,57630,63470,0.9080,false
2014,BYU,4,2014-09-20,Virginia,false,LaVell Edwards Stadium,59023,63470,0.9299,false
2014,BYU,6,2014-10-03,Utah State,false,LaVell Edwards Stadium,0,63470,0.0000,false
2014,BYU,8,2014-10-18,Nevada,false,LaVell Edwards Stadium,56355,63470,0.8879,false
2014,BYU,12,2014-11-15,UNLV,false,LaVell Edwards Stadium,53622,63470,0.8448,false
2014,BYU,13,2014-11-22,Savannah State,false,LaVell Edwards Stadium,52123,63470,0.8212,false
2014,Baylor,1,2014-08-31,SMU,false,McLane Stadium,0,45140,0.0000,false
2014,Baylor,2,2014-09-06,Northwestern State,false,McLane Stadium,45034,45140,0.9977,false
2014,Baylor,7,2014-10-11,TCU,true,McLane Stadium,46803,45140,1.0368,false
2014,Baylor,10,2014-11-01,Kansas,true,McLane Stadium,47574,45140,1.0539,false
2014,Baylor,13,2014-11-22,Oklahoma State,true,McLane Stadium,47179,45140,1.0452,false
2014,Baylor,15,2014-12-06,Kansas State,true,McLane Stadium,47934,45140,1.0619,false
2014,Cincinnati,3,2014-09-12,Toledo,false,Paul Brown Stadium,31912,65515,0.4871,false
2014,Cincinnati,4,2014-09-20,Miami (OH),false,Paul Brown Stadium,41926,65515,0.6399,false
2014,Cincinnati,6,2014-10-04,Memphis,false,Paul Brown Stadium,25456,65515,0.3886,false
2014,Cincinnati,9,2014-10-24,South Florida,false,Paul Brown Stadium,30024,65515,0.4583,false
2014,Cincinnati,12,2014-11-13,East Carolina,false,Paul Brown Stadium,19113,65515,0.2917,false
2014,Cincinnati,15,2014-12-06,Houston,false,Paul Brown Stadium,24606,65515,0.3756,false
2014,Colorado,3,2014-09-13,Arizona State,false,Folsom Field,38547,50183,0.7681,false
2014,Colorado,4,2014-09-20,Hawai'i,false,Folsom Field,39478,50183,0.7867,false
2014,Colorado,6,2014-10-04,Oregon State,false,Folsom Field,36415,50183,0.7256,false
2014,Colorado,9,2014-10-25,UCLA,false,Folsom Field,37442,50183,0.7461,false
2014,Colorado,10,2014-11-01,Washington,false,Folsom Field,35633,50183,0.7101,false
2014,Colorado,14,2014-11-29,Utah,false,Folsom Field,39155,50183,0.7802,false
2014,Houston,1,2014-08-29,UTSA,false,TDECU Stadium,40755,40000,1.0189,false
2014,Houston,2,2014-09-06,Grambling,false,TDECU Stadium,30081,40000,0.7520,false
2014,Houston,4,2014-09-20,UNLV,false,TDECU Stadium,23408,40000,0.5852,false
2014,Houston,6,2014-10-02,UCF,false,TDECU Stadium,26685,40000,0.6671,false
2014,Houston,8,2014-10-17,Temple,false,TDECU Stadium,21471,40000,0.5368,false
2014,Houston,11,2014-11-08,Tulane,false,TDECU Stadium,32205,40000,0.8051,false
2014,Houston,13,2014-11-22,Tulsa,false,TDECU Stadium,23572,40000,0.5893,false
2014,Iowa State,1,2014-08-30,North Dakota State,false,Jack Trice Stadium,54800,54800,1.0000,false
2014,Iowa State,2,2014-09-06,Kansas State,true,Jack Trice Stadium,0,54800,0.0000,false
2014,Iowa State,5,2014-09-27,Baylor,true,Jack Trice Stadium,51776,54800,0.9448,false
2014,Iowa State,7,2014-10-11,Toledo,false,Jack Trice Stadium,52281,54800,0.9540,false
2014,Iowa State,10,2014-11-01,Oklahoma,true,Jack Trice Stadium,50784,54800,0.9267,false
2014,Iowa State,13,2014-11-22,Texas Tech,true,Jack Trice Stadium,50877,54800,0.9284,false
2014,Iowa State,14,2014-11-29,West Virginia,true,Jack Trice Stadium,50059,54800,0.9135,false
2014,Kansas,2,2014-09-06,Southeast Missouri State,false,Memorial Stadium,36574,50071,0.7304,false
2014,Kansas,4,2014-09-20,Central Michigan,false,Memorial Stadium,34822,50071,0.6955,false
2014,Kansas,5,2014-09-27,Texas,true,Memorial Stadium,36904,50071,0.7370,false
2014,Kansas,7,2014-10-11,Oklahoma State,true,Memorial Stadium,31985,50071,0.6388,false
2014,Kansas,11,2014-11-08,Iowa State,true,Memorial Stadium,33288,50071,0.6648,false
2014,Kansas,12,2014-11-15,TCU,true,Memorial Stadium,30889,50071,0.6169,false
2014,Kansas State,1,2014-08-30,Stephen F. Austin,false,Bill Snyder Family Football Stadium,52830,50000,1.0566,false
2014,Kansas State,4,2014-09-18,Auburn,false,Bill Snyder Family Football Stadium,53046,50000,1.0609,false
2014,Kansas State,5,2014-09-27,UTEP,false,Bill Snyder Family Football Stadium,52899,50000,1.0580,false
2014,Kansas State,6,2014-10-04,Texas Tech,true,Bill Snyder Family Football Stadium,52726,50000,1.0545,false
2014,Kansas State,9,2014-10-25,Texas,true,Bill Snyder Family Football Stadium,52879,50000,1.0576,false
2014,Kansas State,10,2014-11-01,Oklahoma State,true,Bill Snyder Family Football Stadium,53746,50000,1.0749,false
2014,Kansas State,14,2014-11-29,Kansas,true,Bill Snyder Family Football Stadium,53439,50000,1.0688,false
2014,Oklahoma State,2,2014-09-06,Missouri State,false,Boone Pickens Stadium,51562,60218,0.8563,false
2014,Oklahoma State,3,2014-09-13,UTSA,false,Boone Pickens Stadium,54577,60218,0.9063,false
2014,Oklahoma State,5,2014-09-25,Texas Tech,true,Boone Pickens Stadium,55958,60218,0.9293,false
2014,Oklahoma State,6,2014-10-04,Iowa State,true,Boone Pickens Stadium,52608,60218,0.8736,false
2014,Oklahoma State,9,2014-10-25,West Virginia,true,Boone Pickens Stadium,59124,60218,0.9818,false
2014,Oklahoma State,12,2014-11-15,Texas,true,Boone Pickens Stadium,52495,60218,0.8717,false
2014,TCU,1,2014-08-30,Samford,false,Amon G. Carter Stadium,40094,45000,0.8910,false
2014,TCU,3,2014-09-13,Minnesota,false,Amon G. Carter Stadium,43958,45000,0.9768,false
2014,TCU,6,2014-10-04,Oklahoma,true,Amon G. Carter Stadium,47394,45000,1.0532,false
2014,TCU,8,2014-10-18,Oklahoma State,true,Amon G. Carter Stadium,43214,45000,0.9603,false
2014,TCU,9,2014-10-25,Texas Tech,true,Amon G. Carter Stadium,45122,45000,1.0027,false
2014,TCU,11,2014-11-08,Kansas State,true,Amon G. Carter Stadium,48012,45000,1.0669,false
2014,TCU,15,2014-12-06,Iowa State,true,Amon G. Carter Stadium,45242,45000,1.0054,false
2014,Texas Tech,1,2014-08-30,Central Arkansas,false,Jones AT&T Stadium,60778,60454,1.0054,false
2014,Texas Tech,3,2014-09-13,Arkansas,false,Jones AT&T Stadium,60277,60454,0.9971,false
2014,Texas Tech,7,2014-10-11,West Virginia,true,Jones AT&T Stadium,58502,60454,0.9677,false
2014,Texas Tech,8,2014-10-18,Kansas,true,Jones AT&T Stadium,54071,60454,0.8944,false
2014,Texas Tech,10,2014-11-01,Texas,true,Jones AT&T Stadium,60961,60454,1.0084,false
2014,Texas Tech,12,2014-11-15,Oklahoma,true,Jones AT&T Stadium,59014,60454,0.9762,false
2014,UCF,4,2014-09-20,Bethune-Cookman,false,Bright House Networks Stadium,44510,45301,0.9825,false
2014,UCF,7,2014-10-09,BYU,false,Bright House Networks Stadium,41547,45301,0.9171,false
2014,UCF,8,2014-10-18,Tulane,false,Bright House Networks Stadium,35015,45301,0.7729,false
2014,UCF,9,2014-10-25,Temple,false,Bright House Networks Stadium,39554,45301,0.8731,false
2014,UCF,12,2014-11-14,Tulsa,false,Bright House Networks Stadium,35323,45301,0.7797,false
2014,UCF,13,2014-11-22,SMU,false,Bright House Networks Stadium,30920,45301,0.6825,false
2014,Utah,1,2014-08-28,Idaho State,false,Rice-Eccles Stadium,45925,45807,1.0026,false
2014,Utah,2,2014-09-06,Fresno State,false,Rice-Eccles Stadium,45864,45807,1.0012,false
2014,Utah,5,2014-09-27,Washington State,false,Rice-Eccles Stadium,45859,45807,1.0011,false
2014,Utah,9,2014-10-25,USC,false,Rice-Eccles Stadium,47619,45807,1.0396,false
2014,Utah,11,2014-11-08,Oregon,false,Rice-Eccles Stadium,47528,45807,1.0376,false
2014,Utah,13,2014-11-22,Arizona,false,Rice-Eccles Stadium,45824,45807,1.0004,false
2014,West Virginia,2,2014-09-06,Towson,false,Milan Puskar Stadium,56414,60000,0.9402,false
2014,West Virginia,4,2014-09-20,Oklahoma,true,Milan Puskar Stadium,61908,60000,1.0318,false
2014,West Virginia,6,2014-10-04,Kansas,true,Milan Puskar Stadium,52164,60000,0.8694,false
2014,West Virginia,8,2014-10-18,Baylor,true,Milan Puskar Stadium,60758,60000,1.0126,false
2014,West Virginia,10,2014-11-01,TCU,true,Milan Puskar Stadium,61190,60000,1.0198,false
2014,West Virginia,13,2014-11-20,Kansas State,true,Milan Puskar Stadium,47683,60000,0.7947,false
2015,Arizona,1,2015-09-03,UTSA,false,Arizona Stadium,51111,55675,0.9180,false
2015,Arizona,3,2015-09-19,Northern Arizona,false,Arizona Stadium,51494,55675,0.9249,false
2015,Arizona,4,2015-09-26,UCLA,false,Arizona Stadium,56004,55675,1.0059,false
2015,Arizona,6,2015-10-10,Oregon State,false,Arizona Stadium,52987,55675,0.9517,false
2015,Arizona,8,2015-10-24,Washington State,false,Arizona Stadium,47847,55675,0.8594,false
2015,Arizona,11,2015-11-14,Utah,false,Arizona Stadium,48912,55675,0.8785,false
2015,Arizona State,2,2015-09-12,Cal Poly,false,Sun Devil Stadium,46500,64248,0.7238,false
2015,Arizona State,3,2015-09-18,New Mexico,false,Sun Devil Stadium,43310,64248,0.6741,false
2015,Arizona State,4,2015-09-26,USC,false,Sun Devil Stadium,61904,64248,0.9635,false
2015,Arizona State,6,2015-10-10,Colorado,false,Sun Devil Stadium,44157,64248,0.6873,false
2015,Arizona State,9,2015-10-29,Oregon,false,Sun Devil Stadium,56534,64248,0.8799,false
2015,Arizona State,11,2015-11-14,Washington,false,Sun Devil Stadium,51695,64248,0.8046,false
2015,Arizona State,12,2015-11-21,Arizona,false,Sun Devil Stadium,64885,64248,1.0099,false
2015,BYU,2,2015-09-12,Boise State,false,LaVell Edwards Stadium,63470,63470,1.0000,false
2015,BYU,5,2015-10-02,UConn,false,LaVell Edwards Stadium,56393,63470,0.8885,false
2015,BYU,6,2015-10-10,East Carolina,false,LaVell Edwards Stadium,60186,63470,0.9483,false
2015,BYU,7,2015-10-16,Cincinnati,false,LaVell Edwards Stadium,0,63470,0.0000,false
2015,BYU,8,2015-10-24,Wagner,false,LaVell Edwards Stadium,56015,63470,0.8825,false
2015,BYU,12,2015-11-21,Fresno State,false,LaVell Edwards Stadium,57515,63470,0.9062,false
2015,Baylor,2,2015-09-12,Lamar,false,McLane Stadium,44491,45140,0.9856,false
2015,Baylor,4,2015-09-26,Rice,false,McLane Stadium,43619,45140,0.9663,false
2015,Baylor,7,2015-10-17,West Virginia,true,McLane Stadium,45370,45140,1.0051,false
2015,Baylor,8,2015-10-24,Iowa State,true,McLane Stadium,45512,45140,1.0082,false
2015,Baylor,11,2015-11-14,Oklahoma,true,McLane Stadium,49875,45140,1.1049,false
2015,Baylor,14,2015-12-05,Texas,true,McLane Stadium,48093,45140,1.0654,false
2015,Cincinnati,1,2015-09-05,Alabama A&M,false,Nippert Stadium,39095,40000,0.9774,false
2015,Cincinnati,2,2015-09-12,Temple,false,Nippert Stadium,38112,40000,0.9528,false
2015,Cincinnati,5,2015-10-01,Miami,false,Nippert Stadium,40101,40000,1.0025,false
2015,Cincinnati,8,2015-10-24,UConn,false,Nippert Stadium,40124,40000,1.0031,false
2015,Cincinnati,9,2015-10-31,UCF,false,Nippert Stadium,30131,40000,0.7533,false
2015,Cincinnati,11,2015-11-14,Tulsa,false,Nippert Stadium,35015,40000,0.8754,false
2015,Colorado,2,2015-09-12,Massachusetts,false,Folsom Field,35094,50183,0.6993,false
2015,Colorado,4,2015-09-26,Nicholls,false,Folsom Field,37302,50183,0.7433,false
2015,Colorado,5,2015-10-03,Oregon,false,Folsom Field,46222,50183,0.9211,false
2015,Colorado,7,2015-10-17,Arizona,false,Folsom Field,39666,50183,0.7904,false
2015,Colorado,10,2015-11-07,Stanford,false,Folsom Field,40142,50183,0.7999,false
2015,Colorado,11,2015-11-13,USC,false,Folsom Field,37905,50183,0.7553,false
2015,Houston,1,2015-09-05,Tennessee Tech,false,TDECU Stadium,30479,40000,0.7620,false
2015,Houston,4,2015-09-26,Texas State,false,TDECU Stadium,35257,40000,0.8814,false
2015,Houston,6,2015-10-08,SMU,false,TDECU Stadium,25204,40000,0.6301,false
2015,Houston,9,2015-10-31,Vanderbilt,false,TDECU Stadium,29565,40000,0.7391,false
2015,Houston,10,2015-11-07,Cincinnati,false,TDECU Stadium,32889,40000,0.8222,false
2015,Houston,11,2015-11-14,Memphis,false,TDECU Stadium,42159,40000,1.0540,false
2015,Houston,13,2015-11-27,Navy,false,TDECU Stadium,40562,40000,1.0140,false
2015,Houston,14,2015-12-05,Temple,false,TDECU Stadium,35721,40000,0.8930,false
2015,Iowa State,1,2015-09-05,Northern Iowa,false,Jack Trice Stadium,61500,61500,1.0000,false
2015,Iowa State,2,2015-09-12,Iowa,false,Jack Trice Stadium,61500,61500,1.0000,false
2015,Iowa State,5,2015-10-03,Kansas,true,Jack Trice Stadium,55837,61500,0.9079,false
2015,Iowa State,7,2015-10-17,TCU,true,Jack Trice Stadium,52480,61500,0.8533,false
2015,Iowa State,9,2015-10-31,Texas,true,Jack Trice Stadium,53616,61500,0.8718,false
2015,Iowa State,11,2015-11-14,Oklahoma State,true,Jack Trice Stadium,54180,61500,0.8810,false
2015,Kansas,1,2015-09-05,South Dakota State,false,Memorial Stadium,0,50071,0.0000,false
2015,Kansas,2,2015-09-12,Memphis,false,Memorial Stadium,37798,50071,0.7549,false
2015,Kansas,6,2015-10-10,Baylor,true,Memorial Stadium,25910,50071,0.5175,false
2015,Kansas,7,2015-10-17,Texas Tech,true,Memorial Stadium,25186,50071,0.5030,false
2015,Kansas,9,2015-10-31,Oklahoma,true,Memorial Stadium,26677,50071,0.5328,false
2015,Kansas,12,2015-11-21,West Virginia,true,Memorial Stadium,21415,50071,0.4277,false
2015,Kansas,13,2015-11-28,Kansas State,true,Memorial Stadium,23842,50071,0.4762,false
2015,Kansas State,1,2015-09-05,South Dakota,false,Bill Snyder Family Football Stadium,53297,50000,1.0659,false
2015,Kansas State,3,2015-09-19,Louisiana Tech,false,Bill Snyder Family Football Stadium,53540,50000,1.0708,false
2015,Kansas State,6,2015-10-10,TCU,true,Bill Snyder Family Football Stadium,53671,50000,1.0734,false
2015,Kansas State,7,2015-10-17,Oklahoma,true,Bill Snyder Family Football Stadium,52867,50000,1.0573,false
2015,Kansas State,10,2015-11-05,Baylor,true,Bill Snyder Family Football Stadium,52108,50000,1.0422,false
2015,Kansas State,12,2015-11-21,Iowa State,true,Bill Snyder Family Football Stadium,53297,50000,1.0659,false
2015,Kansas State,14,2015-12-05,West Virginia,true,Bill Snyder Family Football Stadium,52918,50000,1.0584,false
2015,Oklahoma State,2,2015-09-12,Central Arkansas,false,Boone Pickens Stadium,56262,60218,0.9343,false
2015,Oklahoma State,3,2015-09-19,UTSA,false,Boone Pickens Stadium,54351,60218,0.9026,false
2015,Oklahoma State,5,2015-10-03,Kansas State,true,Boone Pickens Stadium,57618,60218,0.9568,false
2015,Oklahoma State,8,2015-10-24,Kansas,true,Boone Pickens Stadium,59486,60218,0.9878,false
2015,Oklahoma State,10,2015-11-07,TCU,true,Boone Pickens Stadium,59061,60218,0.9808,false
2015,Oklahoma State,12,2015-11-21,Baylor,true,Boone Pickens Stadium,58669,60218,0.9743,false
2015,Oklahoma State,13,2015-11-28,Oklahoma,true,Boone Pickens Stadium,58231,60218,0.9670,false
2015,TCU,2,2015-09-12,Stephen F. Austin,false,Amon G. Carter Stadium,45786,45000,1.0175,false
2015,TCU,3,2015-09-19,SMU,false,Amon G. Carter Stadium,48127,45000,1.0695,false
2015,TCU,5,2015-10-03,Texas,true,Amon G. Carter Stadium,48694,45000,1.0821,false
2015,TCU,9,2015-10-29,West Virginia,true,Amon G. Carter Stadium,45947,45000,1.0210,false
2015,TCU,11,2015-11-14,Kansas,true,Amon G. Carter Stadium,44375,45000,0.9861,false
2015,TCU,13,2015-11-27,Baylor,true,Amon G. Carter Stadium,47675,45000,1.0594,false
2015,Texas Tech,1,2015-09-05,Sam Houston,false,Jones AT&T Stadium,60073,60454,0.9937,false
2015,Texas Tech,2,2015-09-12,UTEP,false,Jones AT&T Stadium,54090,60454,0.8947,false
2015,Texas Tech,4,2015-09-26,TCU,true,Jones AT&T Stadium,61283,60454,1.0137,false
2015,Texas Tech,6,2015-10-10,Iowa State,true,Jones AT&T Stadium,53891,60454,0.8914,false
2015,Texas Tech,9,2015-10-31,Oklahoma State,true,Jones AT&T Stadium,54872,60454,0.9077,false
2015,Texas Tech,11,2015-11-14,Kansas State,true,Jones AT&T Stadium,53833,60454,0.8905,false
2015,UCF,1,2015-09-03,Florida International,false,Bright House Networks Stadium,39184,44206,0.8864,false
2015,UCF,3,2015-09-19,Furman,false,Bright House Networks Stadium,36484,44206,0.8253,false
2015,UCF,6,2015-10-10,UConn,false,Bright House Networks Stadium,26669,44206,0.6033,false
2015,UCF,8,2015-10-24,Houston,false,Bright House Networks Stadium,28350,44206,0.6413,false
2015,UCF,12,2015-11-19,East Carolina,false,Bright House Networks Stadium,23734,44206,0.5369,false
2015,UCF,13,2015-11-26,South Florida,false,Bright House Networks Stadium,25967,44206,0.5874,false
2015,Utah,1,2015-09-03,Michigan,false,Rice-Eccles Stadium,47825,45807,1.0441,false
2015,Utah,2,2015-09-11,Utah State,false,Rice-Eccles Stadium,46011,45807,1.0045,false
2015,Utah,6,2015-10-10,California,false,Rice-Eccles Stadium,47798,45807,1.0435,false
2015,Utah,7,2015-10-17,Arizona State,false,Rice-Eccles Stadium,46192,45807,1.0084,false
2015,Utah,9,2015-10-31,Oregon State,false,Rice-Eccles Stadium,45853,45807,1.0010,false
2015,Utah,12,2015-11-21,UCLA,false,Rice-Eccles Stadium,46230,45807,1.0092,false
2015,Utah,13,2015-11-28,Colorado,false,Rice-Eccles Stadium,45823,45807,1.0003,false
2015,West Virginia,1,2015-09-05,Georgia Southern,false,Milan Puskar Stadium,55182,60000,0.9197,false
2015,West Virginia,2,2015-09-12,Liberty,false,Milan Puskar Stadium,52899,60000,0.8817,false
2015,West Virginia,4,2015-09-26,Maryland,false,Milan Puskar Stadium,61174,60000,1.0196,false
2015,West Virginia,6,2015-10-10,Oklahoma State,true,Milan Puskar Stadium,60410,60000,1.0068,false
2015,West Virginia,10,2015-11-07,Texas Tech,true,Milan Puskar Stadium,54932,60000,0.9155,false
2015,West Virginia,11,2015-11-14,Texas,true,Milan Puskar Stadium,56736,60000,0.9456,false
2015,West Virginia,13,2015-11-28,Iowa State,true,Milan Puskar Stadium,42446,60000,0.7074,false
2016,Arizona,2,2016-09-10,Grambling,false,Arizona Stadium,45686,55675,0.8206,false
2016,Arizona,3,2016-09-17,Hawai'i,false,Arizona Stadium,50116,55675,0.9002,false
2016,Arizona,4,2016-09-24,Washington,false,Arizona Stadium,48747,55675,0.8756,false
2016,Arizona,7,2016-10-15,USC,false,Arizona Stadium,55463,55675,0.9962,false
2016,Arizona,9,2016-10-29,Stanford,false,Arizona Stadium,46740,55675,0.8395,false
2016,Arizona,11,2016-11-12,Colorado,false,Arizona Stadium,41068,55675,0.7376,false
2016,Arizona,13,2016-11-25,Arizona State,false,Arizona Stadium,50197,55675,0.9016,false
2016,Arizona State,1,2016-09-03,Northern Arizona,false,Sun Devil Stadium,45300,56232,0.8056,false
2016,Arizona State,2,2016-09-10,Texas Tech,false,Sun Devil Stadium,44511,56232,0.7916,false
2016,Arizona State,4,2016-09-24,California,false,Sun Devil Stadium,49295,56232,0.8766,false
2016,Arizona State,6,2016-10-08,UCLA,false,Sun Devil Stadium,48509,56232,0.8627,false
2016,Arizona State,8,2016-10-22,Washington State,false,Sun Devil Stadium,50582,56232,0.8995,false
2016,Arizona State,11,2016-11-10,Utah,false,Sun Devil Stadium,48220,56232,0.8575,false
2016,BYU,3,2016-09-17,UCLA,false,LaVell Edwards Stadium,62904,63470,0.9911,false
2016,BYU,5,2016-09-30,Toledo,false,LaVell Edwards Stadium,62230,63470,0.9805,false
2016,BYU,7,2016-10-14,Mississippi State,false,LaVell Edwards Stadium,62184,63470,0.9797,false
2016,BYU,11,2016-11-12,Southern Utah,false,LaVell Edwards Stadium,59302,63470,0.9343,false
2016,BYU,12,2016-11-19,Massachusetts,false,LaVell Edwards Stadium,51190,63470,0.8065,false
2016,BYU,13,2016-11-26,Utah State,false,LaVell Edwards Stadium,53603,63470,0.8445,false
2016,Baylor,1,2016-09-02,Northwestern State,false,McLane Stadium,44849,45140,0.9936,false
2016,Baylor,2,2016-09-10,SMU,false,McLane Stadium,45499,45140,1.0080,false
2016,Baylor,4,2016-09-24,Oklahoma State,true,McLane Stadium,45373,45140,1.0052,false
2016,Baylor,7,2016-10-15,Kansas,true,McLane Stadium,47598,45140,1.0545,false
2016,Baylor,10,2016-11-05,TCU,true,McLane Stadium,48129,45140,1.0662,false
2016,Baylor,12,2016-11-19,Kansas State,true,McLane Stadium,43581,45140,0.9655,false
2016,Cincinnati,1,2016-09-01,UT Martin,false,Nippert Stadium,28520,40000,0.7130,false
2016,Cincinnati,3,2016-09-15,Houston,false,Nippert Stadium,40015,40000,1.0004,false
2016,Cincinnati,4,2016-09-24,Miami (OH),false,Nippert Stadium,38112,40000,0.9528,false
2016,Cincinnati,5,2016-10-01,South Florida,false,Nippert Stadium,35108,40000,0.8777,false
2016,Cincinnati,8,2016-10-22,East Carolina,false,Nippert Stadium,32022,40000,0.8005,false
2016,Cincinnati,10,2016-11-05,BYU,false,Nippert Stadium,37522,40000,0.9381,false
2016,Cincinnati,12,2016-11-18,Memphis,false,Nippert Stadium,25796,40000,0.6449,false
2016,Colorado,2,2016-09-10,Idaho State,false,Folsom Field,39505,50183,0.7872,false
2016,Colorado,5,2016-10-01,Oregon State,false,Folsom Field,46839,50183,0.9334,false
2016,Colorado,7,2016-10-15,Arizona State,false,Folsom Field,48588,50183,0.9682,false
2016,Colorado,10,2016-11-03,UCLA,false,Folsom Field,43761,50183,0.8720,false
2016,Colorado,12,2016-11-19,Washington State,false,Folsom Field,48658,50183,0.9696,false
2016,Colorado,13,2016-11-26,Utah,false,Folsom Field,52301,50183,1.0422,false
2016,Houston,2,2016-09-10,Lamar,false,TDECU Stadium,39402,40000,0.9850,false
2016,Houston,5,2016-09-29,UConn,false,TDECU Stadium,40873,40000,1.0218,false
2016,Houston,7,2016-10-15,Tulsa,false,TDECU Stadium,38221,40000,0.9555,false
2016,Houston,9,2016-10-29,UCF,false,TDECU Stadium,35846,40000,0.8962,false
2016,Houston,11,2016-11-12,Tulane,false,TDECU Stadium,36552,40000,0.9138,false
2016,Houston,12,2016-11-17,Louisville,false,TDECU Stadium,42822,40000,1.0705,false
2016,Iowa State,1,2016-09-03,Northern Iowa,false,Jack Trice Stadium,60629,61500,0.9858,false
2016,Iowa State,4,2016-09-24,San José State,false,Jack Trice Stadium,50851,61500,0.8268,false
2016,Iowa State,5,2016-10-01,Baylor,true,Jack Trice Stadium,50842,61500,0.8267,false
2016,Iowa State,9,2016-10-29,Kansas State,true,Jack Trice Stadium,52763,61500,0.8579,false
2016,Iowa State,10,2016-11-03,Oklahoma,true,Jack Trice Stadium,50662,61500,0.8238,false
2016,Iowa State,12,2016-11-19,Texas Tech,true,Jack Trice Stadium,50787,61500,0.8258,false
2016,Iowa State,13,2016-11-26,West Virginia,true,Jack Trice Stadium,51365,61500,0.8352,false
2016,Kansas,1,2016-09-03,Rhode Island,false,Memorial Stadium,26864,50071,0.5365,false
2016,Kansas,2,2016-09-10,Ohio,false,Memorial Stadium,28467,50071,0.5685,false
2016,Kansas,6,2016-10-08,TCU,true,Memorial Stadium,23946,50071,0.4782,false
2016,Kansas,8,2016-10-22,Oklahoma State,true,Memorial Stadium,26262,50071,0.5245,false
2016,Kansas,11,2016-11-12,Iowa State,true,Memorial Stadium,23757,50071,0.4745,false
2016,Kansas,12,2016-11-19,Texas,true,Memorial Stadium,25673,50071,0.5127,false
2016,Kansas State,3,2016-09-17,Florida Atlantic,false,Bill Snyder Family Football Stadium,50871,50000,1.0174,false
2016,Kansas State,4,2016-09-24,Missouri State,false,Bill Snyder Family Football Stadium,51686,50000,1.0337,false
2016,Kansas State,6,2016-10-08,Texas Tech,true,Bill Snyder Family Football Stadium,51540,50000,1.0308,false
2016,Kansas State,8,2016-10-22,Texas,true,Bill Snyder Family Football Stadium,52328,50000,1.0466,false
2016,Kansas State,10,2016-11-05,Oklahoma State,true,Bill Snyder Family Football Stadium,52450,50000,1.0490,false
2016,Kansas State,13,2016-11-26,Kansas,true,Bill Snyder Family Football Stadium,52637,50000,1.0527,false
2016,Oklahoma State,1,2016-09-03,SE Louisiana,false,Boone Pickens Stadium,50079,60218,0.8316,false
2016,Oklahoma State,2,2016-09-10,Central Michigan,false,Boone Pickens Stadium,52523,60218,0.8722,false
2016,Oklahoma State,3,2016-09-17,Pittsburgh,false,Boone Pickens Stadium,53514,60218,0.8887,false
2016,Oklahoma State,5,2016-10-01,Texas,true,Boone Pickens Stadium,53468,60218,0.8879,false
2016,Oklahoma State,6,2016-10-08,Iowa State,true,Boone Pickens Stadium,53239,60218,0.8841,false
2016,Oklahoma State,9,2016-10-29,West Virginia,true,Boone Pickens Stadium,59584,60218,0.9895,false
2016,Oklahoma State,11,2016-11-12,Texas Tech,true,Boone Pickens Stadium,54288,60218,0.9015,false
2016,TCU,1,2016-09-03,South Dakota State,false,Amon G. Carter Stadium,43450,45000,0.9656,false
2016,TCU,2,2016-09-10,Arkansas,false,Amon G. Carter Stadium,48091,45000,1.0687,false
2016,TCU,3,2016-09-17,Iowa State,true,Amon G. Carter Stadium,45119,45000,1.0026,false
2016,TCU,5,2016-10-01,Oklahoma,true,Amon G. Carter Stadium,47851,45000,1.0634,false
2016,TCU,9,2016-10-29,Texas Tech,true,Amon G. Carter Stadium,45619,45000,1.0138,false
2016,TCU,12,2016-11-19,Oklahoma State,true,Amon G. Carter Stadium,43303,45000,0.9623,false
2016,TCU,14,2016-12-03,Kansas State,true,Amon G. Carter Stadium,42746,45000,0.9499,false
2016,Texas Tech,1,2016-09-03,Stephen F. Austin,false,Jones AT&T Stadium,60097,60454,0.9941,false
2016,Texas Tech,3,2016-09-17,Louisiana Tech,false,Jones AT&T Stadium,57515,60454,0.9514,false
2016,Texas Tech,5,2016-09-29,Kansas,true,Jones AT&T Stadium,56494,60454,0.9345,false
2016,Texas Tech,7,2016-10-15,West Virginia,true,Jones AT&T Stadium,54111,60454,0.8951,false
2016,Texas Tech,8,2016-10-22,Oklahoma,true,Jones AT&T Stadium,60478,60454,1.0004,false
2016,Texas Tech,10,2016-11-05,Texas,true,Jones AT&T Stadium,60803,60454,1.0058,false
2016,UCF,1,2016-09-03,South Carolina State,false,Bright House Networks Stadium,36260,44206,0.8203,false
2016,UCF,3,2016-09-17,Maryland,false,Bright House Networks Stadium,43197,44206,0.9772,false
2016,UCF,7,2016-10-15,Temple,false,Bright House Networks Stadium,38299,44206,0.8664,false
2016,UCF,10,2016-11-05,Tulane,false,Bright House Networks Stadium,31571,44206,0.7142,false
2016,UCF,11,2016-11-12,Cincinnati,false,Bright House Networks Stadium,30346,44206,0.6865,false
2016,UCF,12,2016-11-19,Tulsa,false,Bright House Networks Stadium,35141,44206,0.7949,false
2016,Utah,1,2016-09-01,Southern Utah,false,Rice-Eccles Stadium,45945,45807,1.0030,false
2016,Utah,2,2016-09-10,BYU,false,Rice-Eccles Stadium,46915,45807,1.0242,false
2016,Utah,4,2016-09-23,USC,false,Rice-Eccles Stadium,46133,45807,1.0071,false
2016,Utah,6,2016-10-08,Arizona,false,Rice-Eccles Stadium,45917,45807,1.0024,false
2016,Utah,9,2016-10-29,Washington,false,Rice-Eccles Stadium,47801,45807,1.0435,false
2016,Utah,12,2016-11-19,Oregon,false,Rice-Eccles Stadium,46327,45807,1.0114,false
2016,West Virginia,1,2016-09-03,Missouri,false,Milan Puskar Stadium,60125,60000,1.0021,false
2016,West Virginia,2,2016-09-10,Youngstown State,false,Milan Puskar Stadium,56261,60000,0.9377,false
2016,West Virginia,5,2016-10-01,Kansas State,true,Milan Puskar Stadium,61701,60000,1.0284,false
2016,West Virginia,8,2016-10-22,TCU,true,Milan Puskar Stadium,61780,60000,1.0297,false
2016,West Virginia,10,2016-11-05,Kansas,true,Milan Puskar Stadium,56343,60000,0.9391,false
2016,West Virginia,12,2016-11-19,Oklahoma,true,Milan Puskar Stadium,57645,60000,0.9607,false
2016,West Virginia,14,2016-12-03,Baylor,true,Milan Puskar Stadium,49229,60000,0.8205,false
2017,Arizona,1,2017-09-02,Northern Arizona,false,Arizona Stadium,43620,55675,0.7835,false
2017,Arizona,2,2017-09-09,Houston,false,Arizona Stadium,43334,55675,0.7783,false
2017,Arizona,4,2017-09-22,Utah,false,Arizona Stadium,36651,55675,0.6583,false
2017,Arizona,7,2017-10-14,UCLA,false,Arizona Stadium,48380,55675,0.8690,false
2017,Arizona,9,2017-10-28,Washington State,false,Arizona Stadium,42822,55675,0.7691,false
2017,Arizona,11,2017-11-11,Oregon State,false,Arizona Stadium,40984,55675,0.7361,false
2017,Arizona State,1,2017-08-31,New Mexico State,false,Sun Devil Stadium,46596,57078,0.8164,false
2017,Arizona State,2,2017-09-09,San Diego State,false,Sun Devil Stadium,54336,57078,0.9520,false
2017,Arizona State,4,2017-09-23,Oregon,false,Sun Devil Stadium,50110,57078,0.8779,false
2017,Arizona State,7,2017-10-14,Washington,false,Sun Devil Stadium,51234,57078,0.8976,false
2017,Arizona State,9,2017-10-28,USC,false,Sun Devil Stadium,53446,57078,0.9364,false
2017,Arizona State,10,2017-11-04,Colorado,false,Sun Devil Stadium,44553,57078,0.7806,false
2017,Arizona State,13,2017-11-25,Arizona,false,Sun Devil Stadium,59385,57078,1.0404,false
2017,BYU,0,2017-08-26,Portland State,false,LaVell Edwards Stadium,55427,63470,0.8733,false
2017,BYU,2,2017-09-09,Utah,false,LaVell Edwards Stadium,63470,63470,1.0000,false
2017,BYU,3,2017-09-16,Wisconsin,false,LaVell Edwards Stadium,61143,63470,0.9633,false
2017,BYU,6,2017-10-06,Boise State,false,LaVell Edwards Stadium,59753,63470,0.9414,false
2017,BYU,9,2017-10-28,San José State,false,LaVell Edwards Stadium,46451,63470,0.7319,false
2017,BYU,12,2017-11-18,Massachusetts,false,LaVell Edwards Stadium,51355,63470,0.8091,false
2017,Baylor,1,2017-09-02,Liberty,false,McLane Stadium,45784,45140,1.0143,false
2017,Baylor,2,2017-09-09,UTSA,false,McLane Stadium,41923,45140,0.9287,false
2017,Baylor,4,2017-09-23,Oklahoma,true,McLane Stadium,43573,45140,0.9653,false
2017,Baylor,8,2017-10-21,West Virginia,true,McLane Stadium,45389,45140,1.0055,false
2017,Baylor,9,2017-10-28,Texas,true,McLane Stadium,45656,45140,1.0114,false
2017,Baylor,12,2017-11-18,Iowa State,true,McLane Stadium,40653,45140,0.9006,false
2017,Cincinnati,1,2017-08-31,Austin Peay,false,Nippert Stadium,30831,38088,0.8095,false
2017,Cincinnati,5,2017-09-30,Marshall,false,Nippert Stadium,35736,38088,0.9382,false
2017,Cincinnati,6,2017-10-07,UCF,false,Nippert Stadium,27253,38088,0.7155,false
2017,Cincinnati,8,2017-10-21,SMU,false,Nippert Stadium,30885,38088,0.8109,false
2017,Cincinnati,11,2017-11-10,Temple,false,Nippert Stadium,22773,38088,0.5979,false
2017,Cincinnati,13,2017-11-25,UConn,false,Nippert Stadium,23125,38088,0.6071,false
2017,Colorado,2,2017-09-09,Texas State,false,Folsom Field,43822,50183,0.8732,false
2017,Colorado,3,2017-09-16,Northern Colorado,false,Folsom Field,44318,50183,0.8831,false
2017,Colorado,4,2017-09-23,Washington,false,Folsom Field,47666,50183,0.9498,false
2017,Colorado,6,2017-10-07,Arizona,false,Folsom Field,49976,50183,0.9959,false
2017,Colorado,9,2017-10-28,California,false,Folsom Field,47216,50183,0.9409,false
2017,Colorado,11,2017-11-11,USC,false,Folsom Field,49337,50183,0.9831,false
2017,Houston,3,2017-09-16,Rice,false,TDECU Stadium,38900,40000,0.9725,false
2017,Houston,4,2017-09-23,Texas Tech,false,TDECU Stadium,36383,40000,0.9096,false
2017,Houston,6,2017-10-07,SMU,false,TDECU Stadium,31153,40000,0.7788,false
2017,Houston,8,2017-10-19,Memphis,false,TDECU Stadium,30001,40000,0.7500,false
2017,Houston,10,2017-11-04,East Carolina,false,TDECU Stadium,29810,40000,0.7452,false
2017,Houston,13,2017-11-24,Navy,false,TDECU Stadium,29252,40000,0.7313,false
2017,Iowa State,1,2017-09-02,Northern Iowa,false,Jack Trice Stadium,61500,61500,1.0000,false
2017,Iowa State,2,2017-09-09,Iowa,false,Jack Trice Stadium,61500,61500,1.0000,false
2017,Iowa State,5,2017-09-28,Texas,true,Jack Trice Stadium,51234,61500,0.8331,false
2017,Iowa State,7,2017-10-14,Kansas,true,Jack Trice Stadium,55593,61500,0.9040,false
2017,Iowa State,9,2017-10-28,TCU,true,Jack Trice Stadium,56259,61500,0.9148,false
2017,Iowa State,11,2017-11-11,Oklahoma State,true,Jack Trice Stadium,61500,61500,1.0000,false
2017,Kansas,1,2017-09-02,Southeast Missouri State,false,David Booth Kansas Memorial Stadium,32134,50071,0.6418,false
2017,Kansas,2,2017-09-09,Central Michigan,false,David Booth Kansas Memorial Stadium,28531,50071,0.5698,false
2017,Kansas,4,2017-09-23,West Virginia,true,David Booth Kansas Memorial Stadium,23901,50071,0.4773,false
2017,Kansas,6,2017-10-07,Texas Tech,true,David Booth Kansas Memorial Stadium,21050,50071,0.4204,false
2017,Kansas,9,2017-10-28,Kansas State,true,David Booth Kansas Memorial Stadium,36223,50071,0.7234,false
2017,Kansas,10,2017-11-04,Baylor,true,David Booth Kansas Memorial Stadium,21797,50071,0.4353,false
2017,Kansas,12,2017-11-18,Oklahoma,true,David Booth Kansas Memorial Stadium,22854,50071,0.4564,false
2017,Kansas State,1,2017-09-02,Central Arkansas,false,Bill Snyder Family Football Stadium,51043,50000,1.0209,false
2017,Kansas State,2,2017-09-09,Charlotte,false,Bill Snyder Family Football Stadium,50807,50000,1.0161,false
2017,Kansas State,5,2017-09-30,Baylor,true,Bill Snyder Family Football Stadium,52293,50000,1.0459,false
2017,Kansas State,7,2017-10-14,TCU,true,Bill Snyder Family Football Stadium,52055,50000,1.0411,false
2017,Kansas State,8,2017-10-21,Oklahoma,true,Bill Snyder Family Football Stadium,52122,50000,1.0424,false
2017,Kansas State,11,2017-11-11,West Virginia,true,Bill Snyder Family Football Stadium,51233,50000,1.0247,false
2017,Kansas State,13,2017-11-25,Iowa State,true,Bill Snyder Family Football Stadium,49554,50000,0.9911,false
2017,Oklahoma State,1,2017-08-31,Tulsa,false,Boone Pickens Stadium,56790,56790,1.0000,false
2017,Oklahoma State,4,2017-09-23,TCU,true,Boone Pickens Stadium,56790,56790,1.0000,false
2017,Oklahoma State,7,2017-10-14,Baylor,true,Boone Pickens Stadium,56790,56790,1.0000,false
2017,Oklahoma State,10,2017-11-04,Oklahoma,true,Boone Pickens Stadium,56790,56790,1.0000,false
2017,Oklahoma State,12,2017-11-18,Kansas State,true,Boone Pickens Stadium,56790,56790,1.0000,false
2017,Oklahoma State,13,2017-11-25,Kansas,true,Boone Pickens Stadium,56790,56790,1.0000,false
2017,TCU,1,2017-09-02,Jackson State,false,Amon G. Carter Stadium,42709,45000,0.9491,false
2017,TCU,3,2017-09-16,SMU,false,Amon G. Carter Stadium,44489,45000,0.9886,false
2017,TCU,6,2017-10-07,West Virginia,true,Amon G. Carter Stadium,43257,45000,0.9613,false
2017,TCU,8,2017-10-21,Kansas,true,Amon G. Carter Stadium,42969,45000,0.9549,false
2017,TCU,10,2017-11-04,Texas,true,Amon G. Carter Stadium,48042,45000,1.0676,false
2017,TCU,13,2017-11-24,Baylor,true,Amon G. Carter Stadium,43015,45000,0.9559,false
2017,Texas Tech,1,2017-09-02,Eastern Washington,false,Jones AT&T Stadium,54988,60454,0.9096,false
2017,Texas Tech,3,2017-09-16,Arizona State,false,Jones AT&T Stadium,58547,60454,0.9685,false
2017,Texas Tech,5,2017-09-30,Oklahoma State,true,Jones AT&T Stadium,60901,60454,1.0074,false
2017,Texas Tech,8,2017-10-21,Iowa State,true,Jones AT&T Stadium,57045,60454,0.9436,false
2017,Texas Tech,10,2017-11-04,Kansas State,true,Jones AT&T Stadium,47631,60454,0.7879,false
2017,Texas Tech,12,2017-11-18,TCU,true,Jones AT&T Stadium,51278,60454,0.8482,false
2017,UCF,1,2017-08-31,Florida International,false,Spectrum Stadium,38063,44206,0.8610,false
2017,UCF,5,2017-09-30,Memphis,false,Spectrum Stadium,34022,44206,0.7696,false
2017,UCF,7,2017-10-14,East Carolina,false,Spectrum Stadium,40287,44206,0.9113,false
2017,UCF,9,2017-10-28,Austin Peay,false,Spectrum Stadium,27606,44206,0.6245,false
2017,UCF,11,2017-11-11,UConn,false,Spectrum Stadium,29384,44206,0.6647,false
2017,UCF,13,2017-11-24,South Florida,false,Spectrum Stadium,47129,44206,1.0661,false
2017,UCF,14,2017-12-02,Memphis,false,Spectrum Stadium,41433,44206,0.9373,false
2017,Utah,1,2017-08-31,North Dakota,false,Rice-Eccles Stadium,45905,45807,1.0021,false
2017,Utah,3,2017-09-16,San José State,false,Rice-Eccles Stadium,45881,45807,1.0016,false
2017,Utah,6,2017-10-07,Stanford,false,Rice-Eccles Stadium,45991,45807,1.0040,false
2017,Utah,8,2017-10-21,Arizona State,false,Rice-Eccles Stadium,45863,45807,1.0012,false
2017,Utah,10,2017-11-03,UCLA,false,Rice-Eccles Stadium,45902,45807,1.0021,false
2017,Utah,11,2017-11-11,Washington State,false,Rice-Eccles Stadium,45826,45807,1.0004,false
2017,Utah,13,2017-11-25,Colorado,false,Rice-Eccles Stadium,46022,45807,1.0047,false
2017,West Virginia,2,2017-09-09,East Carolina,false,Milan Puskar Stadium,56797,60000,0.9466,false
2017,West Virginia,3,2017-09-16,Delaware State,false,Milan Puskar Stadium,51482,60000,0.8580,false
2017,West Virginia,7,2017-10-14,Texas Tech,true,Milan Puskar Stadium,60928,60000,1.0155,false
2017,West Virginia,9,2017-10-28,Oklahoma State,true,Milan Puskar Stadium,57507,60000,0.9585,false
2017,West Virginia,10,2017-11-04,Iowa State,true,Milan Puskar Stadium,55831,60000,0.9305,false
2017,West Virginia,12,2017-11-18,Texas,true,Milan Puskar Stadium,53133,60000,0.8855,false
2018,Arizona,1,2018-09-01,BYU,false,Arizona Stadium,51002,53646,0.9507,false
2018,Arizona,3,2018-09-15,Southern Utah,false,Arizona Stadium,41493,53646,0.7735,false
2018,Arizona,5,2018-09-29,USC,false,Arizona Stadium,43573,53646,0.8122,false
2018,Arizona,6,2018-10-06,California,false,Arizona Stadium,44253,53646,0.8249,false
2018,Arizona,9,2018-10-27,Oregon,false,Arizona Stadium,42845,53646,0.7987,false
2018,Arizona,10,2018-11-02,Colorado,false,Arizona Stadium,43080,53646,0.8030,false
2018,Arizona,13,2018-11-24,Arizona State,false,Arizona Stadium,51805,53646,0.9657,false
2018,Arizona State,1,2018-09-01,UTSA,false,Sun Devil Stadium,50188,53599,0.9364,false
2018,Arizona State,2,2018-09-08,Michigan State,false,Sun Devil Stadium,53599,53599,1.0000,false
2018,Arizona State,5,2018-09-29,Oregon State,false,Sun Devil Stadium,51447,53599,0.9598,false
2018,Arizona State,8,2018-10-18,Stanford,false,Sun Devil Stadium,42946,53599,0.8012,false
2018,Arizona State,10,2018-11-03,Utah,false,Sun Devil Stadium,46445,53599,0.8665,false
2018,Arizona State,11,2018-11-10,UCLA,false,Sun Devil Stadium,46466,53599,0.8669,false
2018,BYU,2,2018-09-08,California,false,LaVell Edwards Stadium,52602,63470,0.8288,false
2018,BYU,4,2018-09-22,McNeese,false,LaVell Edwards Stadium,53223,63470,0.8386,false
2018,BYU,6,2018-10-05,Utah State,false,LaVell Edwards Stadium,58087,63470,0.9152,false
2018,BYU,7,2018-10-13,Hawai'i,false,LaVell Edwards Stadium,52354,63470,0.8249,false
2018,BYU,9,2018-10-27,Northern Illinois,false,LaVell Edwards Stadium,51084,63470,0.8049,false
2018,BYU,12,2018-11-17,New Mexico State,false,LaVell Edwards Stadium,47505,63470,0.7485,false
2018,Baylor,1,2018-09-01,Abilene Christian,false,McLane Stadium,45330,45140,1.0042,false
2018,Baylor,3,2018-09-15,Duke,false,McLane Stadium,40442,45140,0.8959,false
2018,Baylor,4,2018-09-22,Kansas,true,McLane Stadium,36725,45140,0.8136,false
2018,Baylor,6,2018-10-06,Kansas State,true,McLane Stadium,36888,45140,0.8172,false
2018,Baylor,10,2018-11-03,Oklahoma State,true,McLane Stadium,43492,45140,0.9635,false
2018,Baylor,12,2018-11-17,TCU,true,McLane Stadium,45140,45140,1.0000,false
2018,Cincinnati,3,2018-09-15,Alabama A&M,false,Nippert Stadium,28834,38088,0.7570,false
2018,Cincinnati,4,2018-09-22,Ohio,false,Nippert Stadium,35220,38088,0.9247,false
2018,Cincinnati,6,2018-10-06,Tulane,false,Nippert Stadium,32200,38088,0.8454,false
2018,Cincinnati,10,2018-11-03,Navy,false,Nippert Stadium,36318,38088,0.9535,false
2018,Cincinnati,11,2018-11-10,South Florida,false,Nippert Stadium,29310,38088,0.7695,false
2018,Cincinnati,13,2018-11-23,East Carolina,false,Nippert Stadium,21230,38088,0.5574,false
2018,Colorado,3,2018-09-15,New Hampshire,false,Folsom Field,42360,50183,0.8441,false
2018,Colorado,5,2018-09-28,UCLA,false,Folsom Field,46814,50183,0.9329,false
2018,Colorado,6,2018-10-06,Arizona State,false,Folsom Field,52681,50183,1.0498,false
2018,Colorado,9,2018-10-27,Oregon State,false,Folsom Field,48050,50183,0.9575,false
2018,Colorado,11,2018-11-10,Washington State,false,Folsom Field,45587,50183,0.9084,false
2018,Colorado,12,2018-11-17,Utah,false,Folsom Field,39360,50183,0.7843,false
2018,Houston,2,2018-09-08,Arizona,false,TDECU Stadium,32534,40000,0.8134,false
2018,Houston,4,2018-09-22,Texas Southern,false,TDECU Stadium,29970,40000,0.7492,false
2018,Houston,6,2018-10-04,Tulsa,false,TDECU Stadium,29823,40000,0.7456,false
2018,Houston,9,2018-10-27,South Florida,false,TDECU Stadium,31631,40000,0.7908,false
2018,Houston,11,2018-11-10,Temple,false,TDECU Stadium,30862,40000,0.7715,false
2018,Houston,12,2018-11-15,Tulane,false,TDECU Stadium,24209,40000,0.6052,false
2018,Iowa State,3,2018-09-15,Oklahoma,true,Jack Trice Stadium,58479,61500,0.9509,false
2018,Iowa State,4,2018-09-22,Akron,false,Jack Trice Stadium,54028,61500,0.8785,false
2018,Iowa State,7,2018-10-13,West Virginia,true,Jack Trice Stadium,56629,61500,0.9208,false
2018,Iowa State,9,2018-10-27,Texas Tech,true,Jack Trice Stadium,57908,61500,0.9416,false
2018,Iowa State,11,2018-11-10,Baylor,true,Jack Trice Stadium,53860,61500,0.8758,false
2018,Iowa State,13,2018-11-24,Kansas State,true,Jack Trice Stadium,54430,61500,0.8850,false
2018,Iowa State,14,2018-12-01,Drake,false,Jack Trice Stadium,56738,61500,0.9226,false
2018,Kansas,1,2018-09-01,Nicholls,false,David Booth Kansas Memorial Stadium,24305,50071,0.4854,false
2018,Kansas,3,2018-09-15,Rutgers,false,David Booth Kansas Memorial Stadium,28044,50071,0.5601,false
2018,Kansas,5,2018-09-29,Oklahoma State,true,David Booth Kansas Memorial Stadium,18364,50071,0.3668,false
2018,Kansas,9,2018-10-27,TCU,true,David Booth Kansas Memorial Stadium,15069,50071,0.3010,false
2018,Kansas,10,2018-11-03,Iowa State,true,David Booth Kansas Memorial Stadium,15543,50071,0.3104,false
2018,Kansas,13,2018-11-23,Texas,true,David Booth Kansas Memorial Stadium,15219,50071,0.3039,false
2018,Kansas State,1,2018-09-01,South Dakota,false,Bill Snyder Family Football Stadium,50063,50000,1.0013,false
2018,Kansas State,2,2018-09-08,Mississippi State,false,Bill Snyder Family Football Stadium,49784,50000,0.9957,false
2018,Kansas State,3,2018-09-15,UTSA,false,Bill Snyder Family Football Stadium,50618,50000,1.0124,false
2018,Kansas State,5,2018-09-29,Texas,true,Bill Snyder Family Football Stadium,49916,50000,0.9983,false
2018,Kansas State,7,2018-10-13,Oklahoma State,true,Bill Snyder Family Football Stadium,50245,50000,1.0049,false
2018,Kansas State,11,2018-11-10,Kansas,true,Bill Snyder Family Football Stadium,50062,50000,1.0012,false
2018,Kansas State,12,2018-11-17,Texas Tech,true,Bill Snyder Family Football Stadium,47287,50000,0.9457,false
2018,Oklahoma State,1,2018-08-30,Missouri State,false,Boone Pickens Stadium,50103,56790,0.8823,false
2018,Oklahoma State,2,2018-09-08,South Alabama,false,Boone Pickens Stadium,53923,56790,0.9495,false
2018,Oklahoma State,3,2018-09-15,Boise State,false,Boone Pickens Stadium,54974,56790,0.9680,false
2018,Oklahoma State,4,2018-09-22,Texas Tech,true,Boone Pickens Stadium,53166,56790,0.9362,false
2018,Oklahoma State,6,2018-10-06,Iowa State,true,Boone Pickens Stadium,52995,56790,0.9332,false
2018,Oklahoma State,9,2018-10-27,Texas,true,Boone Pickens Stadium,56790,56790,1.0000,false
2018,Oklahoma State,12,2018-11-17,West Virginia,true,Boone Pickens Stadium,52842,56790,0.9305,false
2018,TCU,1,2018-09-01,Southern,false,Amon G. Carter Stadium,42219,45000,0.9382,false
2018,TCU,5,2018-09-29,Iowa State,true,Amon G. Carter Stadium,42664,45000,0.9481,false
2018,TCU,7,2018-10-11,Texas Tech,true,Amon G. Carter Stadium,44387,45000,0.9864,false
2018,TCU,8,2018-10-20,Oklahoma,true,Amon G. Carter Stadium,45055,45000,1.0012,false
2018,TCU,10,2018-11-03,Kansas State,true,Amon G. Carter Stadium,40486,45000,0.8997,false
2018,TCU,13,2018-11-24,Oklahoma State,true,Amon G. Carter Stadium,42394,45000,0.9421,false
2018,Texas Tech,2,2018-09-08,Lamar,false,Jones AT&T Stadium,52126,60454,0.8622,false
2018,Texas Tech,3,2018-09-15,Houston,false,Jones AT&T Stadium,53484,60454,0.8847,false
2018,Texas Tech,5,2018-09-29,West Virginia,true,Jones AT&T Stadium,55283,60454,0.9145,false
2018,Texas Tech,8,2018-10-20,Kansas,true,Jones AT&T Stadium,54402,60454,0.8999,false
2018,Texas Tech,10,2018-11-03,Oklahoma,true,Jones AT&T Stadium,60454,60454,1.0000,false
2018,Texas Tech,11,2018-11-10,Texas,true,Jones AT&T Stadium,60454,60454,1.0000,false
2018,UCF,2,2018-09-08,South Carolina State,false,Spectrum Stadium,43269,44206,0.9788,false
2018,UCF,4,2018-09-21,Florida Atlantic,false,Spectrum Stadium,44257,44206,1.0012,false
2018,UCF,5,2018-09-29,Pittsburgh,false,Spectrum Stadium,44904,44206,1.0158,false
2018,UCF,6,2018-10-06,SMU,false,Spectrum Stadium,40856,44206,0.9242,false
2018,UCF,10,2018-11-01,Temple,false,Spectrum Stadium,41153,44206,0.9309,false
2018,UCF,11,2018-11-10,Navy,false,Spectrum Stadium,44738,44206,1.0120,false
2018,UCF,12,2018-11-17,Cincinnati,false,Spectrum Stadium,47795,44206,1.0812,false
2018,UCF,14,2018-12-01,Memphis,false,Spectrum Stadium,45176,44206,1.0219,false
2018,Utah,1,2018-08-30,Weber State,false,Rice-Eccles Stadium,45988,45807,1.0040,false
2018,Utah,3,2018-09-15,Washington,false,Rice-Eccles Stadium,47445,45807,1.0358,false
2018,Utah,7,2018-10-12,Arizona,false,Rice-Eccles Stadium,45862,45807,1.0012,false
2018,Utah,8,2018-10-20,USC,false,Rice-Eccles Stadium,46405,45807,1.0131,false
2018,Utah,11,2018-11-10,Oregon,false,Rice-Eccles Stadium,46275,45807,1.0102,false
2018,Utah,13,2018-11-24,BYU,false,Rice-Eccles Stadium,46017,45807,1.0046,false
2018,West Virginia,2,2018-09-08,Youngstown State,false,Milan Puskar Stadium,58446,60000,0.9741,false
2018,West Virginia,4,2018-09-22,Kansas State,true,Milan Puskar Stadium,59245,60000,0.9874,false
2018,West Virginia,6,2018-10-06,Kansas,true,Milan Puskar Stadium,57419,60000,0.9570,false
2018,West Virginia,9,2018-10-25,Baylor,true,Milan Puskar Stadium,53117,60000,0.8853,false
2018,West Virginia,11,2018-11-10,TCU,true,Milan Puskar Stadium,60007,60000,1.0001,false
2018,West Virginia,13,2018-11-23,Oklahoma,true,Milan Puskar Stadium,60713,60000,1.0119,false
2019,Arizona,2,2019-09-07,Northern Arizona,false,Arizona Stadium,40741,50782,0.8023,false
2019,Arizona,3,2019-09-14,Texas Tech,false,Arizona Stadium,37307,50782,0.7347,false
2019,Arizona,5,2019-09-28,UCLA,false,Arizona Stadium,38283,50782,0.7539,false
2019,Arizona,7,2019-10-12,Washington,false,Arizona Stadium,47933,50782,0.9439,false
2019,Arizona,10,2019-11-02,Oregon State,false,Arizona Stadium,36939,50782,0.7274,false
2019,Arizona,13,2019-11-23,Utah,false,Arizona Stadium,35991,50782,0.7087,false
2019,Arizona State,1,2019-08-29,Kent State,false,Sun Devil Stadium,47413,53599,0.8846,false
2019,Arizona State,2,2019-09-06,Sacramento State,false,Sun Devil Stadium,42286,53599,0.7889,false
2019,Arizona State,4,2019-09-21,Colorado,false,Sun Devil Stadium,45786,53599,0.8542,false
2019,Arizona State,7,2019-10-12,Washington State,false,Sun Devil Stadium,48536,53599,0.9055,false
2019,Arizona State,11,2019-11-09,USC,false,Sun Devil Stadium,54191,53599,1.0110,false
2019,Arizona State,13,2019-11-23,Oregon,false,Sun Devil Stadium,51875,53599,0.9678,false
2019,Arizona State,14,2019-11-30,Arizona,false,Sun Devil Stadium,54074,53599,1.0089,false
2019,BYU,1,2019-08-29,Utah,false,LaVell Edwards Stadium,61626,63470,0.9709,false
2019,BYU,3,2019-09-14,USC,false,LaVell Edwards Stadium,62546,63470,0.9854,false
2019,BYU,4,2019-09-21,Washington,false,LaVell Edwards Stadium,62117,63470,0.9787,false
2019,BYU,8,2019-10-19,Boise State,false,LaVell Edwards Stadium,58930,63470,0.9285,false
2019,BYU,11,2019-11-09,Liberty,false,LaVell Edwards Stadium,54683,63470,0.8616,false
2019,BYU,12,2019-11-16,Idaho State,false,LaVell Edwards Stadium,57379,63470,0.9040,false
2019,Baylor,1,2019-08-31,Stephen F. Austin,false,McLane Stadium,43013,45140,0.9529,false
2019,Baylor,2,2019-09-07,UTSA,false,McLane Stadium,40274,45140,0.8922,false
2019,Baylor,5,2019-09-28,Iowa State,true,McLane Stadium,42359,45140,0.9384,false
2019,Baylor,7,2019-10-12,Texas Tech,true,McLane Stadium,47264,45140,1.0471,false
2019,Baylor,10,2019-10-31,West Virginia,true,McLane Stadium,46379,45140,1.0274,false
2019,Baylor,12,2019-11-16,Oklahoma,true,McLane Stadium,50223,45140,1.1126,false
2019,Baylor,13,2019-11-23,Texas,true,McLane Stadium,49109,45140,1.0879,false
2019,Cincinnati,1,2019-08-29,UCLA,false,Nippert Stadium,38032,38088,0.9985,false
2019,Cincinnati,3,2019-09-14,Miami (OH),false,Nippert Stadium,35526,38088,0.9327,false
2019,Cincinnati,6,2019-10-04,UCF,false,Nippert Stadium,40121,38088,1.0534,false
2019,Cincinnati,8,2019-10-19,Tulsa,false,Nippert Stadium,33209,38088,0.8719,false
2019,Cincinnati,11,2019-11-09,UConn,false,Nippert Stadium,38919,38088,1.0218,false
2019,Cincinnati,13,2019-11-23,Temple,false,Nippert Stadium,30101,38088,0.7903,false
2019,Colorado,2,2019-09-07,Nebraska,false,Folsom Field,52829,50183,1.0527,false
2019,Colorado,3,2019-09-14,Air Force,false,Folsom Field,49282,50183,0.9820,false
2019,Colorado,6,2019-10-05,Arizona,false,Folsom Field,52569,50183,1.0475,false
2019,Colorado,9,2019-10-25,USC,false,Folsom Field,48913,50183,0.9747,false
2019,Colorado,11,2019-11-09,Stanford,false,Folsom Field,49224,50183,0.9809,false
2019,Colorado,13,2019-11-23,Washington,false,Folsom Field,44618,50183,0.8891,false
2019,Houston,2,2019-09-07,Prairie View A&M,false,TDECU Stadium,29360,40000,0.7340,false
2019,Houston,7,2019-10-12,Cincinnati,false,TDECU Stadium,25716,40000,0.6429,false
2019,Houston,9,2019-10-24,SMU,false,TDECU Stadium,24543,40000,0.6136,false
2019,Houston,12,2019-11-16,Memphis,false,TDECU Stadium,25149,40000,0.6287,false
2019,Houston,14,2019-11-30,Navy,false,TDECU Stadium,22824,40000,0.5706,false
2019,Iowa State,1,2019-08-31,Northern Iowa,false,Jack Trice Stadium,61500,61500,1.0000,false
2019,Iowa State,3,2019-09-14,Iowa,false,Jack Trice Stadium,61500,61500,1.0000,false
2019,Iowa State,4,2019-09-21,UL Monroe,false,Jack Trice Stadium,57442,61500,0.9340,false
2019,Iowa State,6,2019-10-05,TCU,true,Jack Trice Stadium,59553,61500,0.9683,false
2019,Iowa State,9,2019-10-26,Oklahoma State,true,Jack Trice Stadium,61500,61500,1.0000,false
2019,Iowa State,12,2019-11-16,Texas,true,Jack Trice Stadium,58946,61500,0.9585,false
2019,Iowa State,13,2019-11-23,Kansas,true,Jack Trice Stadium,58120,61500,0.9450,false
2019,Kansas,1,2019-08-31,Indiana State,false,David Booth Kansas Memorial Stadium,32611,47233,0.6904,false
2019,Kansas,2,2019-09-07,Coastal Carolina,false,David Booth Kansas Memorial Stadium,33493,47233,0.7091,false
2019,Kansas,4,2019-09-21,West Virginia,true,David Booth Kansas Memorial Stadium,35816,47233,0.7583,false
2019,Kansas,6,2019-10-05,Oklahoma,true,David Booth Kansas Memorial Stadium,34402,47233,0.7283,false
2019,Kansas,9,2019-10-26,Texas Tech,true,David Booth Kansas Memorial Stadium,31036,47233,0.6571,false
2019,Kansas,10,2019-11-02,Kansas State,true,David Booth Kansas Memorial Stadium,47233,47233,1.0000,false
2019,Kansas,14,2019-11-30,Baylor,true,David Booth Kansas Memorial Stadium,22531,47233,0.4770,false
2019,Kansas State,1,2019-08-31,Nicholls,false,Bill Snyder Family Football Stadium,51189,50000,1.0238,false
2019,Kansas State,2,2019-09-07,Bowling Green,false,Bill Snyder Family Football Stadium,46075,50000,0.9215,false
2019,Kansas State,6,2019-10-05,Baylor,true,Bill Snyder Family Football Stadium,50448,50000,1.0090,false
2019,Kansas State,8,2019-10-19,TCU,true,Bill Snyder Family Football Stadium,48298,50000,0.9660,false
2019,Kansas State,9,2019-10-26,Oklahoma,true,Bill Snyder Family Football Stadium,50394,50000,1.0079,false
2019,Kansas State,12,2019-11-16,West Virginia,true,Bill Snyder Family Football Stadium,46332,50000,0.9266,false
2019,Kansas State,14,2019-11-30,Iowa State,true,Bill Snyder Family Football Stadium,48990,50000,0.9798,false
2019,Oklahoma State,2,2019-09-07,McNeese,false,Boone Pickens Stadium,55509,55509,1.0000,false
2019,Oklahoma State,5,2019-09-28,Kansas State,true,Boone Pickens Stadium,55509,55509,1.0000,false
2019,Oklahoma State,8,2019-10-19,Baylor,true,Boone Pickens Stadium,55060,55509,0.9919,false
2019,Oklahoma State,10,2019-11-02,TCU,true,Boone Pickens Stadium,52861,55509,0.9523,false
2019,Oklahoma State,12,2019-11-16,Kansas,true,Boone Pickens Stadium,55388,55509,0.9978,false
2019,Oklahoma State,14,2019-11-30,Oklahoma,true,Boone Pickens Stadium,54575,55509,0.9832,false
2019,TCU,1,2019-08-31,Arkansas-Pine Bluff,false,Amon G. Carter Stadium,40422,46000,0.8787,false
2019,TCU,4,2019-09-21,SMU,false,Amon G. Carter Stadium,41250,46000,0.8967,false
2019,TCU,5,2019-09-28,Kansas,true,Amon G. Carter Stadium,41960,46000,0.9122,false
2019,TCU,9,2019-10-26,Texas,true,Amon G. Carter Stadium,47660,46000,1.0361,false
2019,TCU,11,2019-11-09,Baylor,true,Amon G. Carter Stadium,45870,46000,0.9972,false
2019,TCU,14,2019-11-29,West Virginia,true,Amon G. Carter Stadium,40126,46000,0.8723,false
2019,Texas Tech,1,2019-08-31,Montana State,false,Jones AT&T Stadium,54183,60454,0.8963,false
2019,Texas Tech,2,2019-09-07,UTEP,false,Jones AT&T Stadium,56957,60454,0.9422,false
2019,Texas Tech,6,2019-10-05,Oklahoma State,true,Jones AT&T Stadium,56479,60454,0.9342,false
2019,Texas Tech,8,2019-10-19,Iowa State,true,Jones AT&T Stadium,52315,60454,0.8654,false
2019,Texas Tech,12,2019-11-16,TCU,true,Jones AT&T Stadium,50459,60454,0.8347,false
2019,Texas Tech,13,2019-11-23,Kansas State,true,Jones AT&T Stadium,50117,60454,0.8290,false
2019,UCF,1,2019-08-29,Florida A&M,false,Spectrum Stadium,44073,44206,0.9970,false
2019,UCF,3,2019-09-14,Stanford,false,Spectrum Stadium,45008,44206,1.0181,false
2019,UCF,5,2019-09-28,UConn,false,Spectrum Stadium,44164,44206,0.9990,false
2019,UCF,8,2019-10-19,East Carolina,false,Spectrum Stadium,42906,44206,0.9706,false
2019,UCF,10,2019-11-02,Houston,false,Spectrum Stadium,41361,44206,0.9356,false
2019,UCF,14,2019-11-29,South Florida,false,Spectrum Stadium,45216,44206,1.0228,false
2019,Utah,2,2019-09-07,Northern Illinois,false,Rice-Eccles Stadium,45919,45807,1.0024,false
2019,Utah,3,2019-09-14,Idaho State,false,Rice-Eccles Stadium,45989,45807,1.0040,false
2019,Utah,5,2019-09-28,Washington State,false,Rice-Eccles Stadium,46115,45807,1.0067,false
2019,Utah,8,2019-10-19,Arizona State,false,Rice-Eccles Stadium,46402,45807,1.0130,false
2019,Utah,9,2019-10-26,California,false,Rice-Eccles Stadium,46626,45807,1.0179,false
2019,Utah,12,2019-11-16,UCLA,false,Rice-Eccles Stadium,47307,45807,1.0327,false
2019,Utah,14,2019-11-30,Colorado,false,Rice-Eccles Stadium,46879,45807,1.0234,false
2019,West Virginia,1,2019-08-31,James Madison,false,Milan Puskar Stadium,61891,60000,1.0315,false
2019,West Virginia,3,2019-09-14,NC State,false,Milan Puskar Stadium,57052,60000,0.9509,false
2019,West Virginia,6,2019-10-05,Texas,true,Milan Puskar Stadium,62069,60000,1.0345,false
2019,West Virginia,7,2019-10-12,Iowa State,true,Milan Puskar Stadium,51836,60000,0.8639,false
2019,West Virginia,11,2019-11-09,Texas Tech,true,Milan Puskar Stadium,56573,60000,0.9429,false
2019,West Virginia,13,2019-11-23,Oklahoma State,true,Milan Puskar Stadium,46022,60000,0.7670,false
2020,Arizona,11,2020-11-14,USC,false,Arizona Stadium,0,50782,0.0000,false
2020,Arizona,14,2020-12-05,Colorado,false,Arizona Stadium,0,50782,0.0000,false
2020,Arizona,15,2020-12-11,Arizona State,false,Arizona Stadium,0,50782,0.0000,false
2020,Arizona State,14,2020-12-05,UCLA,false,Sun Devil Stadium,0,53599,0.0000,false
2020,BYU,4,2020-09-26,Troy,false,LaVell Edwards Stadium,0,63470,0.0000,false
2020,BYU,5,2020-10-02,Louisiana Tech,false,LaVell Edwards Stadium,0,63470,0.0000,false
2020,BYU,6,2020-10-10,UTSA,false,LaVell Edwards Stadium,0,63470,0.0000,false
2020,BYU,8,2020-10-24,Texas State,false,LaVell Edwards Stadium,6570,63470,0.1035,false
2020,BYU,9,2020-10-31,Western Kentucky,false,LaVell Edwards Stadium,6843,63470,0.1078,false
2020,BYU,12,2020-11-21,North Alabama,false,LaVell Edwards Stadium,936,63470,0.0147,false
2020,BYU,15,2020-12-12,San Diego State,false,LaVell Edwards Stadium,1099,63470,0.0173,false
2020,Baylor,4,2020-09-26,Kansas,true,McLane Stadium,11667,45140,0.2585,false
2020,Baylor,9,2020-10-31,TCU,true,McLane Stadium,11667,45140,0.2585,false
2020,Baylor,13,2020-11-28,Kansas State,true,McLane Stadium,11667,45140,0.2585,false
2020,Baylor,15,2020-12-12,Oklahoma State,true,McLane Stadium,11667,45140,0.2585,false
2020,Cincinnati,3,2020-09-19,Austin Peay,false,Nippert Stadium,0,38088,0.0000,false
2020,Cincinnati,4,2020-09-26,Army,false,Nippert Stadium,0,38088,0.0000,false
2020,Cincinnati,5,2020-10-03,South Florida,false,Nippert Stadium,0,38088,0.0000,false
2020,Cincinnati,9,2020-10-31,Memphis,false,Nippert Stadium,0,38088,0.0000,false
2020,Cincinnati,10,2020-11-07,Houston,false,Nippert Stadium,0,38088,0.0000,false
2020,Cincinnati,11,2020-11-13,East Carolina,false,Nippert Stadium,0,38088,0.0000,false
2020,Cincinnati,16,2020-12-19,Tulsa,false,Nippert Stadium,5831,38088,0.1531,false
2020,Colorado,10,2020-11-07,UCLA,false,Folsom Field,554,50183,0.0110,false
2020,Colorado,15,2020-12-12,Utah,false,Folsom Field,0,50183,0.0000,false
2020,Houston,6,2020-10-08,Tulane,false,TDECU Stadium,8164,40000,0.2041,false
2020,Houston,7,2020-10-16,BYU,false,TDECU Stadium,10092,40000,0.2523,false
2020,Houston,9,2020-10-31,UCF,false,TDECU Stadium,8630,40000,0.2157,false
2020,Houston,11,2020-11-14,South Florida,false,TDECU Stadium,8266,40000,0.2067,false
2020,Iowa State,2,2020-09-12,Louisiana,false,Jack Trice Stadium,0,61500,0.0000,false
2020,Iowa State,5,2020-10-03,Oklahoma,true,Jack Trice Stadium,13724,61500,0.2232,false
2020,Iowa State,6,2020-10-10,Texas Tech,true,Jack Trice Stadium,13502,61500,0.2195,false
2020,Iowa State,10,2020-11-07,Baylor,true,Jack Trice Stadium,13535,61500,0.2201,false
2020,Iowa State,14,2020-12-05,West Virginia,true,Jack Trice Stadium,14256,61500,0.2318,false
2020,Kansas,2,2020-09-12,Coastal Carolina,false,David Booth Kansas Memorial Stadium,0,47233,0.0000,false
2020,Kansas,5,2020-10-03,Oklahoma State,true,David Booth Kansas Memorial Stadium,9480,47233,0.2007,false
2020,Kansas,9,2020-10-31,Iowa State,true,David Booth Kansas Memorial Stadium,9652,47233,0.2043,false
2020,Kansas,13,2020-11-28,TCU,true,David Booth Kansas Memorial Stadium,0,47233,0.0000,false
2020,Kansas State,2,2020-09-12,Arkansas State,false,Bill Snyder Family Football Stadium,11041,50000,0.2208,false
2020,Kansas State,5,2020-10-03,Texas Tech,true,Bill Snyder Family Football Stadium,10932,50000,0.2186,false
2020,Kansas State,8,2020-10-24,Kansas,true,Bill Snyder Family Football Stadium,10801,50000,0.2160,false
2020,Kansas State,10,2020-11-07,Oklahoma State,true,Bill Snyder Family Football Stadium,11980,50000,0.2396,false
2020,Kansas State,14,2020-12-05,Texas,true,Bill Snyder Family Football Stadium,9851,50000,0.1970,false
2020,Oklahoma State,3,2020-09-19,Tulsa,false,Boone Pickens Stadium,14668,55509,0.2642,false
2020,Oklahoma State,4,2020-09-26,West Virginia,true,Boone Pickens Stadium,14672,55509,0.2643,false
2020,Oklahoma State,8,2020-10-24,Iowa State,true,Boone Pickens Stadium,14671,55509,0.2643,false
2020,Oklahoma State,9,2020-10-31,Texas,true,Boone Pickens Stadium,14672,55509,0.2643,false
2020,Oklahoma State,13,2020-11-28,Texas Tech,true,Boone Pickens Stadium,14645,55509,0.2638,false
2020,TCU,4,2020-09-26,Iowa State,true,Amon G. Carter Stadium,11852,46000,0.2577,false
2020,TCU,6,2020-10-10,Kansas State,true,Amon G. Carter Stadium,12208,46000,0.2654,false
2020,TCU,8,2020-10-24,Oklahoma,true,Amon G. Carter Stadium,12440,46000,0.2704,false
2020,TCU,10,2020-11-07,Texas Tech,true,Amon G. Carter Stadium,12356,46000,0.2686,false
2020,TCU,14,2020-12-05,Oklahoma State,true,Amon G. Carter Stadium,12594,46000,0.2738,false
2020,TCU,15,2020-12-12,Louisiana Tech,false,Amon G. Carter Stadium,10472,46000,0.2277,false
2020,Texas Tech,2,2020-09-12,Houston Christian,false,Jones AT&T Stadium,11157,60454,0.1846,false
2020,Texas Tech,4,2020-09-26,Texas,true,Jones AT&T Stadium,16615,60454,0.2748,false
2020,Texas Tech,8,2020-10-24,West Virginia,true,Jones AT&T Stadium,13532,60454,0.2238,false
2020,Texas Tech,9,2020-10-31,Oklahoma,true,Jones AT&T Stadium,14431,60454,0.2387,false
2020,Texas Tech,11,2020-11-14,Baylor,true,Jones AT&T Stadium,12914,60454,0.2136,false
2020,Texas Tech,14,2020-12-05,Kansas,true,Jones AT&T Stadium,9877,60454,0.1634,false
2020,UCF,5,2020-10-03,Tulsa,false,Bounce House,8874,44206,0.2007,false
2020,UCF,8,2020-10-24,Tulane,false,Bounce House,9148,44206,0.2069,false
2020,UCF,11,2020-11-14,Temple,false,Bounce House,8768,44206,0.1983,false
2020,UCF,12,2020-11-21,Cincinnati,false,Bounce House,10668,44206,0.2413,false
2020,Utah,12,2020-11-21,USC,false,Rice-Eccles Stadium,0,45807,0.0000,false
2020,Utah,14,2020-12-05,Oregon State,false,Rice-Eccles Stadium,0,45807,0.0000,false
2020,Utah,16,2020-12-19,Washington State,false,Rice-Eccles Stadium,0,45807,0.0000,false
2020,West Virginia,2,2020-09-12,Eastern Kentucky,false,Milan Puskar Stadium,976,60000,0.0163,false
2020,West Virginia,5,2020-10-03,Baylor,true,Milan Puskar Stadium,978,60000,0.0163,false
2020,West Virginia,7,2020-10-17,Kansas,true,Milan Puskar Stadium,10759,60000,0.1793,false
2020,West Virginia,9,2020-10-31,Kansas State,true,Milan Puskar Stadium,10441,60000,0.1740,false
2020,West Virginia,11,2020-11-14,TCU,true,Milan Puskar Stadium,11111,60000,0.1852,false
2021,Arizona,2,2021-09-11,San Diego State,false,Arizona Stadium,39097,50782,0.7699,false
2021,Arizona,3,2021-09-18,Northern Arizona,false,Arizona Stadium,33481,50782,0.6593,false
2021,Arizona,6,2021-10-09,UCLA,false,Arizona Stadium,43258,50782,0.8518,false
2021,Arizona,8,2021-10-22,Washington,false,Arizona Stadium,30880,50782,0.6081,false
2021,Arizona,10,2021-11-06,California,false,Arizona Stadium,30677,50782,0.6041,false
2021,Arizona,11,2021-11-13,Utah,false,Arizona Stadium,32008,50782,0.6303,false
2021,Arizona State,1,2021-09-02,Southern Utah,false,Sun Devil Stadium,44456,53599,0.8294,false
2021,Arizona State,2,2021-09-11,UNLV,false,Sun Devil Stadium,42918,53599,0.8007,false
2021,Arizona State,4,2021-09-25,Colorado,false,Sun Devil Stadium,44803,53599,0.8359,false
2021,Arizona State,6,2021-10-08,Stanford,false,Sun Devil Stadium,46192,53599,0.8618,false
2021,Arizona State,9,2021-10-30,Washington State,false,Sun Devil Stadium,46136,53599,0.8608,false
2021,Arizona State,10,2021-11-06,USC,false,Sun Devil Stadium,53926,53599,1.0061,false
2021,Arizona State,13,2021-11-27,Arizona,false,Sun Devil Stadium,52305,53599,0.9759,false
2021,BYU,2,2021-09-11,Utah,false,LaVell Edwards Stadium,63470,63470,1.0000,false
2021,BYU,3,2021-09-18,Arizona State,false,LaVell Edwards Stadium,61570,63470,0.9701,false
2021,BYU,4,2021-09-25,South Florida,false,LaVell Edwards Stadium,60217,63470,0.9487,false
2021,BYU,6,2021-10-09,Boise State,false,LaVell Edwards Stadium,63470,63470,1.0000,false
2021,BYU,9,2021-10-30,Virginia,false,LaVell Edwards Stadium,57685,63470,0.9089,false
2021,BYU,10,2021-11-06,Idaho State,false,LaVell Edwards Stadium,63470,63470,1.0000,false
2021,Baylor,2,2021-09-11,Texas Southern,false,McLane Stadium,42461,45140,0.9407,false
2021,Baylor,4,2021-09-25,Iowa State,true,McLane Stadium,42539,45140,0.9424,false
2021,Baylor,6,2021-10-09,West Virginia,true,McLane Stadium,43569,45140,0.9652,false
2021,Baylor,7,2021-10-16,BYU,false,McLane Stadium,48016,45140,1.0637,false
2021,Baylor,9,2021-10-30,Texas,true,McLane Stadium,45834,45140,1.0154,false
2021,Baylor,11,2021-11-13,Oklahoma,true,McLane Stadium,46782,45140,1.0364,false
2021,Baylor,13,2021-11-27,Texas Tech,true,McLane Stadium,43901,45140,0.9726,false
2021,Cincinnati,1,2021-09-04,Miami (OH),false,Nippert Stadium,37978,38088,0.9971,false
2021,Cincinnati,2,2021-09-11,Murray State,false,Nippert Stadium,33498,38088,0.8795,false
2021,Cincinnati,6,2021-10-08,Temple,false,Nippert Stadium,37978,38088,0.9971,false
2021,Cincinnati,7,2021-10-16,UCF,false,Nippert Stadium,37978,38088,0.9971,false
2021,Cincinnati,10,2021-11-06,Tulsa,false,Nippert Stadium,37978,38088,0.9971,false
2021,Cincinnati,12,2021-11-20,SMU,false,Nippert Stadium,37978,38088,0.9971,false
2021,Cincinnati,14,2021-12-04,Houston,false,Nippert Stadium,37978,38088,0.9971,false
2021,Colorado,1,2021-09-03,Northern Colorado,false,Folsom Field,44153,50183,0.8798,false
2021,Colorado,3,2021-09-18,Minnesota,false,Folsom Field,47482,50183,0.9462,false
2021,Colorado,5,2021-10-02,USC,false,Folsom Field,48197,50183,0.9604,false
2021,Colorado,7,2021-10-16,Arizona,false,Folsom Field,49806,50183,0.9925,false
2021,Colorado,10,2021-11-06,Oregon State,false,Folsom Field,47984,50183,0.9562,false
2021,Colorado,12,2021-11-20,Washington,false,Folsom Field,41284,50183,0.8227,false
2021,Houston,3,2021-09-18,Grambling,false,TDECU Stadium,22998,40000,0.5749,false
2021,Houston,4,2021-09-25,Navy,false,TDECU Stadium,25054,40000,0.6263,false
2021,Houston,8,2021-10-23,East Carolina,false,TDECU Stadium,22925,40000,0.5731,false
2021,Houston,9,2021-10-30,SMU,false,TDECU Stadium,25676,40000,0.6419,false
2021,Houston,12,2021-11-19,Memphis,false,TDECU Stadium,28712,40000,0.7178,false
2021,Iowa State,1,2021-09-04,Northern Iowa,false,Jack Trice Stadium,61500,61500,1.0000,false
2021,Iowa State,2,2021-09-11,Iowa,false,Jack Trice Stadium,61500,61500,1.0000,false
2021,Iowa State,5,2021-10-02,Kansas,true,Jack Trice Stadium,60446,61500,0.9829,false
2021,Iowa State,8,2021-10-23,Oklahoma State,true,Jack Trice Stadium,61500,61500,1.0000,false
2021,Iowa State,10,2021-11-06,Texas,true,Jack Trice Stadium,61500,61500,1.0000,false
2021,Iowa State,13,2021-11-26,TCU,true,Jack Trice Stadium,57775,61500,0.9394,false
2021,Kansas,1,2021-09-03,South Dakota,false,David Booth Kansas Memorial Stadium,26103,47233,0.5526,false
2021,Kansas,3,2021-09-18,Baylor,true,David Booth Kansas Memorial Stadium,23218,47233,0.4916,false
2021,Kansas,7,2021-10-16,Texas Tech,true,David Booth Kansas Memorial Stadium,25106,47233,0.5315,false
2021,Kansas,8,2021-10-23,Oklahoma,true,David Booth Kansas Memorial Stadium,26321,47233,0.5573,false
2021,Kansas,10,2021-11-06,Kansas State,true,David Booth Kansas Memorial Stadium,30611,47233,0.6481,false
2021,Kansas,13,2021-11-27,West Virginia,true,David Booth Kansas Memorial Stadium,23117,47233,0.4894,false
2021,Kansas State,2,2021-09-11,Southern Illinois,false,Bill Snyder Family Football Stadium,47628,50000,0.9526,false
2021,Kansas State,3,2021-09-18,Nevada,false,Bill Snyder Family Football Stadium,48768,50000,0.9754,false
2021,Kansas State,5,2021-10-02,Oklahoma,true,Bill Snyder Family Football Stadium,47690,50000,0.9538,false
2021,Kansas State,7,2021-10-16,Iowa State,true,Bill Snyder Family Football Stadium,48363,50000,0.9673,false
2021,Kansas State,9,2021-10-30,TCU,true,Bill Snyder Family Football Stadium,44339,50000,0.8868,false
2021,Kansas State,11,2021-11-13,West Virginia,true,Bill Snyder Family Football Stadium,43932,50000,0.8786,false
2021,Kansas State,12,2021-11-20,Baylor,true,Bill Snyder Family Football Stadium,43857,50000,0.8771,false
2021,Oklahoma State,1,2021-09-04,Missouri State,false,Boone Pickens Stadium,50807,55509,0.9153,false
2021,Oklahoma State,2,2021-09-11,Tulsa,false,Boone Pickens Stadium,52127,55509,0.9391,false
2021,Oklahoma State,4,2021-09-25,Kansas State,true,Boone Pickens Stadium,51444,55509,0.9268,false
2021,Oklahoma State,5,2021-10-02,Baylor,true,Boone Pickens Stadium,52144,55509,0.9394,false
2021,Oklahoma State,9,2021-10-30,Kansas,true,Boone Pickens Stadium,55026,55509,0.9913,false
2021,Oklahoma State,11,2021-11-13,TCU,true,Boone Pickens Stadium,54549,55509,0.9827,false
2021,Oklahoma State,13,2021-11-27,Oklahoma,true,Boone Pickens Stadium,54990,55509,0.9907,false
2021,TCU,1,2021-09-04,Duquesne,false,Amon G. Carter Stadium,35377,46000,0.7691,false
2021,TCU,2,2021-09-11,California,false,Amon G. Carter Stadium,38631,46000,0.8398,false
2021,TCU,4,2021-09-25,SMU,false,Amon G. Carter Stadium,46672,46000,1.0146,false
2021,TCU,5,2021-10-02,Texas,true,Amon G. Carter Stadium,43337,46000,0.9421,false
2021,TCU,8,2021-10-23,West Virginia,true,Amon G. Carter Stadium,37288,46000,0.8106,false
2021,TCU,10,2021-11-06,Baylor,true,Amon G. Carter Stadium,40338,46000,0.8769,false
2021,TCU,12,2021-11-20,Kansas,true,Amon G. Carter Stadium,35061,46000,0.7622,false
2021,Texas Tech,2,2021-09-11,Stephen F. Austin,false,Jones AT&T Stadium,55271,60454,0.9143,false
2021,Texas Tech,3,2021-09-18,Florida International,false,Jones AT&T Stadium,50118,60454,0.8290,false
2021,Texas Tech,6,2021-10-09,TCU,true,Jones AT&T Stadium,55821,60454,0.9234,false
2021,Texas Tech,8,2021-10-23,Kansas State,true,Jones AT&T Stadium,52874,60454,0.8746,false
2021,Texas Tech,11,2021-11-13,Iowa State,true,Jones AT&T Stadium,47158,60454,0.7801,false
2021,Texas Tech,12,2021-11-20,Oklahoma State,true,Jones AT&T Stadium,53169,60454,0.8795,false
2021,UCF,1,2021-09-02,Boise State,false,Bounce House,43928,44206,0.9937,false
2021,UCF,2,2021-09-11,Bethune-Cookman,false,Bounce House,38443,44206,0.8696,false
2021,UCF,6,2021-10-09,East Carolina,false,Bounce House,41649,44206,0.9422,false
2021,UCF,8,2021-10-22,Memphis,false,Bounce House,39328,44206,0.8897,false
2021,UCF,10,2021-11-06,Tulane,false,Bounce House,41030,44206,0.9282,false
2021,UCF,12,2021-11-20,UConn,false,Bounce House,37454,44206,0.8473,false
2021,UCF,13,2021-11-26,South Florida,false,Bounce House,41157,44206,0.9310,false
2021,Utah,1,2021-09-02,Weber State,false,Rice-Eccles Stadium,51511,51444,1.0013,false
2021,Utah,4,2021-09-25,Washington State,false,Rice-Eccles Stadium,51483,51444,1.0008,false
2021,Utah,7,2021-10-16,Arizona State,false,Rice-Eccles Stadium,51724,51444,1.0054,false
2021,Utah,9,2021-10-30,UCLA,false,Rice-Eccles Stadium,51922,51444,1.0093,false
2021,Utah,12,2021-11-20,Oregon,false,Rice-Eccles Stadium,52724,51444,1.0249,false
2021,Utah,13,2021-11-26,Colorado,false,Rice-Eccles Stadium,51538,51444,1.0018,false
2021,West Virginia,2,2021-09-11,Long Island University,false,Milan Puskar Stadium,50911,60000,0.8485,false
2021,West Virginia,3,2021-09-18,Virginia Tech,false,Milan Puskar Stadium,60022,60000,1.0004,false
2021,West Virginia,5,2021-10-02,Texas Tech,true,Milan Puskar Stadium,54090,60000,0.9015,false
2021,West Virginia,9,2021-10-30,Iowa State,true,Milan Puskar Stadium,45613,60000,0.7602,false
2021,West Virginia,10,2021-11-06,Oklahoma State,true,Milan Puskar Stadium,50109,60000,0.8351,false
2021,West Virginia,12,2021-11-20,Texas,true,Milan Puskar Stadium,48755,60000,0.8126,false
2022,Arizona,2,2022-09-10,Mississippi State,false,Arizona Stadium,46275,50782,0.9112,false
2022,Arizona,3,2022-09-17,North Dakota State,false,Arizona Stadium,41211,50782,0.8115,false
2022,Arizona,5,2022-10-01,Colorado,false,Arizona Stadium,36591,50782,0.7206,false
2022,Arizona,6,2022-10-08,Oregon,false,Arizona Stadium,50800,50782,1.0004,false
2022,Arizona,9,2022-10-29,USC,false,Arizona Stadium,44006,50782,0.8666,false
2022,Arizona,12,2022-11-19,Washington State,false,Arizona Stadium,40717,50782,0.8018,false
2022,Arizona,13,2022-11-25,Arizona State,false,Arizona Stadium,49865,50782,0.9819,false
2022,Arizona State,1,2022-09-01,Northern Arizona,false,Sun Devil Stadium,44764,53599,0.8352,false
2022,Arizona State,3,2022-09-17,Eastern Michigan,false,Sun Devil Stadium,43788,53599,0.8170,false
2022,Arizona State,4,2022-09-24,Utah,false,Sun Devil Stadium,39876,53599,0.7440,false
2022,Arizona State,6,2022-10-08,Washington,false,Sun Devil Stadium,39244,53599,0.7322,false
2022,Arizona State,10,2022-11-05,UCLA,false,Sun Devil Stadium,51265,53599,0.9565,false
2022,Arizona State,12,2022-11-19,Oregon State,false,Sun Devil Stadium,39551,53599,0.7379,false
2022,BYU,2,2022-09-10,Baylor,false,LaVell Edwards Stadium,63470,63470,1.0000,false
2022,BYU,4,2022-09-24,Wyoming,false,LaVell Edwards Stadium,60092,63470,0.9468,false
2022,BYU,5,2022-09-29,Utah State,false,LaVell Edwards Stadium,59417,63470,0.9361,false
2022,BYU,7,2022-10-15,Arkansas,false,LaVell Edwards Stadium,63470,63470,1.0000,false
2022,BYU,9,2022-10-28,East Carolina,false,LaVell Edwards Stadium,55525,63470,0.8748,false
2022,BYU,12,2022-11-19,Utah Tech,false,LaVell Edwards Stadium,56069,63470,0.8834,false
2022,Baylor,1,2022-09-03,UAlbany,false,McLane Stadium,41242,45140,0.9136,false
2022,Baylor,3,2022-09-17,Texas State,false,McLane Stadium,45597,45140,1.0101,false
2022,Baylor,5,2022-10-01,Oklahoma State,true,McLane Stadium,47979,45140,1.0629,false
2022,Baylor,8,2022-10-22,Kansas,true,McLane Stadium,45882,45140,1.0164,false
2022,Baylor,11,2022-11-12,Kansas State,true,McLane Stadium,47686,45140,1.0564,false
2022,Baylor,12,2022-11-19,TCU,true,McLane Stadium,44393,45140,0.9835,false
2022,Cincinnati,2,2022-09-10,Kennesaw State,false,Nippert Stadium,37014,38088,0.9718,false
2022,Cincinnati,4,2022-09-24,Indiana,false,Nippert Stadium,38464,38088,1.0099,false
2022,Cincinnati,6,2022-10-08,South Florida,false,Nippert Stadium,38577,38088,1.0128,false
2022,Cincinnati,10,2022-11-05,Navy,false,Nippert Stadium,38461,38088,1.0098,false
2022,Cincinnati,11,2022-11-11,East Carolina,false,Nippert Stadium,38199,38088,1.0029,false
2022,Cincinnati,13,2022-11-25,Tulane,false,Nippert Stadium,37989,38088,0.9974,false
2022,Colorado,1,2022-09-02,TCU,false,Folsom Field,47868,50183,0.9539,false
2022,Colorado,4,2022-09-24,UCLA,false,Folsom Field,42848,50183,0.8538,false
2022,Colorado,7,2022-10-15,California,false,Folsom Field,50471,50183,1.0057,false
2022,Colorado,9,2022-10-29,Arizona State,false,Folsom Field,40334,50183,0.8037,false
2022,Colorado,10,2022-11-05,Oregon,false,Folsom Field,42089,50183,0.8387,false
2022,Colorado,13,2022-11-26,Utah,false,Folsom Field,33474,50183,0.6670,false
2022,Houston,3,2022-09-17,Kansas,false,TDECU Stadium,30317,40000,0.7579,false
2022,Houston,4,2022-09-24,Rice,false,TDECU Stadium,26377,40000,0.6594,false
2022,Houston,5,2022-09-30,Tulane,false,TDECU Stadium,24319,40000,0.6080,false
2022,Houston,9,2022-10-29,South Florida,false,TDECU Stadium,24228,40000,0.6057,false
2022,Houston,11,2022-11-12,Temple,false,TDECU Stadium,21731,40000,0.5433,false
2022,Houston,13,2022-11-26,Tulsa,false,TDECU Stadium,21785,40000,0.5446,false
2022,Iowa State,1,2022-09-03,Southeast Missouri State,false,Jack Trice Stadium,57142,61500,0.9291,false
2022,Iowa State,3,2022-09-17,Ohio,false,Jack Trice Stadium,58138,61500,0.9453,false
2022,Iowa State,4,2022-09-24,Baylor,true,Jack Trice Stadium,58069,61500,0.9442,false
2022,Iowa State,6,2022-10-08,Kansas State,true,Jack Trice Stadium,60561,61500,0.9847,false
2022,Iowa State,9,2022-10-29,Oklahoma,true,Jack Trice Stadium,58716,61500,0.9547,false
2022,Iowa State,10,2022-11-05,West Virginia,true,Jack Trice Stadium,56109,61500,0.9123,false
2022,Iowa State,12,2022-11-19,Texas Tech,true,Jack Trice Stadium,52676,61500,0.8565,false
2022,Kansas,1,2022-09-02,Tennessee Tech,false,David Booth Kansas Memorial Stadium,34902,47233,0.7389,false
2022,Kansas,4,2022-09-24,Duke,false,David Booth Kansas Memorial Stadium,47233,47233,1.0000,false
2022,Kansas,5,2022-10-01,Iowa State,true,David Booth Kansas Memorial Stadium,47233,47233,1.0000,false
2022,Kansas,6,2022-10-08,TCU,true,David Booth Kansas Memorial Stadium,47233,47233,1.0000,false
2022,Kansas,10,2022-11-05,Oklahoma State,true,David Booth Kansas Memorial Stadium,43606,47233,0.9232,false
2022,Kansas,12,2022-11-19,Texas,true,David Booth Kansas Memorial Stadium,38246,47233,0.8097,false
2022,Kansas State,1,2022-09-03,South Dakota,false,Bill Snyder Family Football Stadium,50469,50000,1.0094,false
2022,Kansas State,2,2022-09-10,Missouri,false,Bill Snyder Family Football Stadium,51806,50000,1.0361,false
2022,Kansas State,3,2022-09-17,Tulane,false,Bill Snyder Family Football Stadium,50887,50000,1.0177,false
2022,Kansas State,5,2022-10-01,Texas Tech,true,Bill Snyder Family Football Stadium,50782,50000,1.0156,false
2022,Kansas State,9,2022-10-29,Oklahoma State,true,Bill Snyder Family Football Stadium,51133,50000,1.0227,false
2022,Kansas State,10,2022-11-05,Texas,true,Bill Snyder Family Football Stadium,51216,50000,1.0243,false
2022,Kansas State,13,2022-11-26,Kansas,true,Bill Snyder Family Football Stadium,51861,50000,1.0372,false
2022,Oklahoma State,1,2022-09-01,Central Michigan,false,Boone Pickens Stadium,53808,55509,0.9694,false
2022,Oklahoma State,2,2022-09-10,Arizona State,false,Boone Pickens Stadium,54949,55509,0.9899,false
2022,Oklahoma State,3,2022-09-17,Arkansas-Pine Bluff,false,Boone Pickens Stadium,55509,55509,1.0000,false
2022,Oklahoma State,6,2022-10-08,Texas Tech,true,Boone Pickens Stadium,55509,55509,1.0000,false
2022,Oklahoma State,8,2022-10-22,Texas,true,Boone Pickens Stadium,55509,55509,1.0000,false
2022,Oklahoma State,11,2022-11-12,Iowa State,true,Boone Pickens Stadium,55509,55509,1.0000,false
2022,Oklahoma State,13,2022-11-26,West Virginia,true,Boone Pickens Stadium,52353,55509,0.9431,false
2022,TCU,2,2022-09-10,Tarleton State,false,Amon G. Carter Stadium,43197,46000,0.9391,false
2022,TCU,5,2022-10-01,Oklahoma,true,Amon G. Carter Stadium,49095,46000,1.0673,false
2022,TCU,7,2022-10-15,Oklahoma State,true,Amon G. Carter Stadium,49594,46000,1.0781,false
2022,TCU,8,2022-10-22,Kansas State,true,Amon G. Carter Stadium,47881,46000,1.0409,false
2022,TCU,10,2022-11-05,Texas Tech,true,Amon G. Carter Stadium,44760,46000,0.9730,false
2022,TCU,13,2022-11-26,Iowa State,true,Amon G. Carter Stadium,44846,46000,0.9749,false
2022,Texas Tech,2,2022-09-10,Houston,false,Jones AT&T Stadium,56271,60454,0.9308,false
2022,Texas Tech,4,2022-09-24,Texas,true,Jones AT&T Stadium,60975,60454,1.0086,false
2022,Texas Tech,8,2022-10-22,West Virginia,true,Jones AT&T Stadium,56530,60454,0.9351,false
2022,Texas Tech,9,2022-10-29,Baylor,true,Jones AT&T Stadium,60705,60454,1.0042,false
2022,Texas Tech,11,2022-11-12,Kansas,true,Jones AT&T Stadium,55613,60454,0.9199,false
2022,Texas Tech,13,2022-11-26,Oklahoma,true,Jones AT&T Stadium,51126,60454,0.8457,false
2022,UCF,1,2022-09-01,South Carolina State,false,FBC Mortgage Stadium,43810,44206,0.9910,false
2022,UCF,2,2022-09-09,Louisville,false,FBC Mortgage Stadium,44412,44206,1.0047,false
2022,UCF,6,2022-10-05,SMU,false,FBC Mortgage Stadium,27495,44206,0.6220,false
2022,UCF,7,2022-10-13,Temple,false,FBC Mortgage Stadium,41729,44206,0.9440,false
2022,UCF,9,2022-10-29,Cincinnati,false,FBC Mortgage Stadium,44313,44206,1.0024,false
2022,UCF,12,2022-11-19,Navy,false,FBC Mortgage Stadium,44813,44206,1.0137,false
2022,Utah,2,2022-09-10,Southern Utah,false,Rice-Eccles Stadium,51531,51444,1.0017,false
2022,Utah,3,2022-09-17,San Diego State,false,Rice-Eccles Stadium,51602,51444,1.0031,false
2022,Utah,5,2022-10-01,Oregon State,false,Rice-Eccles Stadium,51729,51444,1.0055,false
2022,Utah,7,2022-10-15,USC,false,Rice-Eccles Stadium,53609,51444,1.0421,false
2022,Utah,10,2022-11-05,Arizona,false,Rice-Eccles Stadium,51919,51444,1.0092,false
2022,Utah,11,2022-11-12,Stanford,false,Rice-Eccles Stadium,51951,51444,1.0099,false
2022,West Virginia,2,2022-09-10,Kansas,true,Milan Puskar Stadium,52188,60000,0.8698,false
2022,West Virginia,3,2022-09-17,Towson,false,Milan Puskar Stadium,50703,60000,0.8450,false
2022,West Virginia,7,2022-10-13,Baylor,true,Milan Puskar Stadium,45293,60000,0.7549,false
2022,West Virginia,9,2022-10-29,TCU,true,Milan Puskar Stadium,50426,60000,0.8404,false
2022,West Virginia,11,2022-11-12,Oklahoma,true,Milan Puskar Stadium,50281,60000,0.8380,false
2022,West Virginia,12,2022-11-19,Kansas State,true,Milan Puskar Stadium,37055,60000,0.6176,false
2023,Arizona,1,2023-09-02,Northern Arizona,false,Arizona Stadium,48159,50782,0.9483,false
2023,Arizona,3,2023-09-16,UTEP,false,Arizona Stadium,44182,50782,0.8700,false
2023,Arizona,5,2023-09-30,Washington,false,Arizona Stadium,50800,50782,1.0004,false
2023,Arizona,9,2023-10-28,Oregon State,false,Arizona Stadium,45023,50782,0.8866,false
2023,Arizona,10,2023-11-04,UCLA,false,Arizona Stadium,44956,50782,0.8853,false
2023,Arizona,12,2023-11-18,Utah,false,Arizona Stadium,50800,50782,1.0004,false
2023,Arizona State,1,2023-08-31,Southern Utah,false,Mountain America Stadium,47773,53599,0.8913,false
2023,Arizona State,2,2023-09-09,Oklahoma State,false,Mountain America Stadium,42569,53599,0.7942,false
2023,Arizona State,3,2023-09-16,Fresno State,false,Mountain America Stadium,46723,53599,0.8717,false
2023,Arizona State,4,2023-09-23,USC,false,Mountain America Stadium,54166,53599,1.0106,false
2023,Arizona State,6,2023-10-07,Colorado,false,Mountain America Stadium,54086,53599,1.0091,false
2023,Arizona State,9,2023-10-28,Washington State,false,Mountain America Stadium,47284,53599,0.8822,false
2023,Arizona State,12,2023-11-18,Oregon,false,Mountain America Stadium,44741,53599,0.8347,false
2023,Arizona State,13,2023-11-25,Arizona,false,Mountain America Stadium,53414,53599,0.9965,false
2023,BYU,1,2023-09-02,Sam Houston,false,LaVell Edwards Stadium,59006,63470,0.9297,false
2023,BYU,2,2023-09-09,Southern Utah,false,LaVell Edwards Stadium,60834,63470,0.9585,false
2023,BYU,5,2023-09-29,Cincinnati,true,LaVell Edwards Stadium,63834,63470,1.0057,false
2023,BYU,8,2023-10-21,Texas Tech,true,LaVell Edwards Stadium,63523,63470,1.0008,false
2023,BYU,11,2023-11-11,Iowa State,true,LaVell Edwards Stadium,60754,63470,0.9572,false
2023,BYU,12,2023-11-18,Oklahoma,true,LaVell Edwards Stadium,63714,63470,1.0038,false
2023,Baylor,1,2023-09-02,Texas State,false,McLane Stadium,44945,45140,0.9957,false
2023,Baylor,2,2023-09-09,Utah,false,McLane Stadium,43732,45140,0.9688,false
2023,Baylor,3,2023-09-16,Long Island University,false,McLane Stadium,43732,45140,0.9688,false
2023,Baylor,4,2023-09-23,Texas,true,McLane Stadium,49165,45140,1.0892,false
2023,Baylor,6,2023-10-07,Texas Tech,true,McLane Stadium,44620,45140,0.9885,false
2023,Baylor,9,2023-10-28,Iowa State,true,McLane Stadium,43528,45140,0.9643,false
2023,Baylor,10,2023-11-04,Houston,true,McLane Stadium,41180,45140,0.9123,false
2023,Baylor,13,2023-11-25,West Virginia,true,McLane Stadium,36200,45140,0.8019,false
2023,Cincinnati,1,2023-09-02,Eastern Kentucky,false,Nippert Stadium,38193,38088,1.0028,false
2023,Cincinnati,3,2023-09-16,Miami (OH),false,Nippert Stadium,38193,38088,1.0028,false
2023,Cincinnati,4,2023-09-23,Oklahoma,true,Nippert Stadium,38193,38088,1.0028,false
2023,Cincinnati,7,2023-10-14,Iowa State,true,Nippert Stadium,38193,38088,1.0028,false
2023,Cincinnati,8,2023-10-21,Baylor,true,Nippert Stadium,38193,38088,1.0028,false
2023,Cincinnati,10,2023-11-04,UCF,true,Nippert Stadium,38193,38088,1.0028,false
2023,Cincinnati,13,2023-11-25,Kansas,true,Nippert Stadium,38193,38088,1.0028,false
2023,Colorado,2,2023-09-09,Nebraska,false,Folsom Field,53241,50183,1.0609,false
2023,Colorado,3,2023-09-16,Colorado State,false,Folsom Field,53141,50183,1.0589,false
2023,Colorado,5,2023-09-30,USC,false,Folsom Field,54032,50183,1.0767,false
2023,Colorado,7,2023-10-13,Stanford,false,Folsom Field,53154,50183,1.0592,false
2023,Colorado,10,2023-11-04,Oregon State,false,Folsom Field,52725,50183,1.0507,false
2023,Colorado,11,2023-11-11,Arizona,false,Folsom Field,52788,50183,1.0519,false
2023,Houston,1,2023-09-02,UTSA,false,TDECU Stadium,37862,40000,0.9466,false
2023,Houston,3,2023-09-16,TCU,true,TDECU Stadium,36049,40000,0.9012,false
2023,Houston,4,2023-09-23,Sam Houston,false,TDECU Stadium,35044,40000,0.8761,false
2023,Houston,7,2023-10-12,West Virginia,true,TDECU Stadium,32152,40000,0.8038,false
2023,Houston,8,2023-10-21,Texas,true,TDECU Stadium,42812,40000,1.0703,false
2023,Houston,11,2023-11-11,Cincinnati,true,TDECU Stadium,34312,40000,0.8578,false
2023,Houston,12,2023-11-18,Oklahoma State,true,TDECU Stadium,33906,40000,0.8477,false
2023,Iowa State,1,2023-09-02,Northern Iowa,false,Jack Trice Stadium,58248,61500,0.9471,false
2023,Iowa State,2,2023-09-09,Iowa,false,Jack Trice Stadium,61500,61500,1.0000,false
2023,Iowa State,4,2023-09-23,Oklahoma State,true,Jack Trice Stadium,59022,61500,0.9597,false
2023,Iowa State,6,2023-10-07,TCU,true,Jack Trice Stadium,60535,61500,0.9843,false
2023,Iowa State,10,2023-11-04,Kansas,true,Jack Trice Stadium,61500,61500,1.0000,false
2023,Iowa State,12,2023-11-18,Texas,true,Jack Trice Stadium,61500,61500,1.0000,false
2023,Kansas,1,2023-09-01,Missouri State,false,David Booth Kansas Memorial Stadium,41091,47233,0.8700,false
2023,Kansas,2,2023-09-08,Illinois,false,David Booth Kansas Memorial Stadium,45809,47233,0.9699,false
2023,Kansas,4,2023-09-23,BYU,true,David Booth Kansas Memorial Stadium,47233,47233,1.0000,false
2023,Kansas,6,2023-10-07,UCF,true,David Booth Kansas Memorial Stadium,46107,47233,0.9762,false
2023,Kansas,9,2023-10-28,Oklahoma,true,David Booth Kansas Memorial Stadium,47233,47233,1.0000,false
2023,Kansas,11,2023-11-11,Texas Tech,true,David Booth Kansas Memorial Stadium,47233,47233,1.0000,false
2023,Kansas,12,2023-11-18,Kansas State,true,David Booth Kansas Memorial Stadium,47233,47233,1.0000,false
2023,Kansas State,1,2023-09-02,Southeast Missouri State,false,Bill Snyder Family Football Stadium,52066,50000,1.0413,false
2023,Kansas State,2,2023-09-09,Troy,false,Bill Snyder Family Football Stadium,51940,50000,1.0388,false
2023,Kansas State,4,2023-09-23,UCF,true,Bill Snyder Family Football Stadium,51912,50000,1.0382,false
2023,Kansas State,8,2023-10-21,TCU,true,Bill Snyder Family Football Stadium,52580,50000,1.0516,false
2023,Kansas State,9,2023-10-28,Houston,true,Bill Snyder Family Football Stadium,51928,50000,1.0386,false
2023,Kansas State,11,2023-11-11,Baylor,true,Bill Snyder Family Football Stadium,51790,50000,1.0358,false
2023,Kansas State,13,2023-11-25,Iowa State,true,Bill Snyder Family Football Stadium,51481,50000,1.0296,false
2023,Oklahoma State,1,2023-09-02,Central Arkansas,false,Boone Pickens Stadium,53855,53855,1.0000,false
2023,Oklahoma State,3,2023-09-16,South Alabama,false,Boone Pickens Stadium,53855,53855,1.0000,false
2023,Oklahoma State,6,2023-10-06,Kansas State,true,Boone Pickens Stadium,53855,53855,1.0000,false
2023,Oklahoma State,7,2023-10-14,Kansas,true,Boone Pickens Stadium,53855,53855,1.0000,false
2023,Oklahoma State,9,2023-10-28,Cincinnati,true,Boone Pickens Stadium,53855,53855,1.0000,false
2023,Oklahoma State,10,2023-11-04,Oklahoma,true,Boone Pickens Stadium,54105,53855,1.0046,false
2023,Oklahoma State,13,2023-11-25,BYU,true,Boone Pickens Stadium,53855,53855,1.0000,false
2023,TCU,1,2023-09-02,Colorado,false,Amon G. Carter Stadium,53294,46000,1.1586,false
2023,TCU,2,2023-09-09,Nicholls,false,Amon G. Carter Stadium,45010,46000,0.9785,false
2023,TCU,4,2023-09-23,SMU,false,Amon G. Carter Stadium,51243,46000,1.1140,false
2023,TCU,5,2023-09-30,West Virginia,true,Amon G. Carter Stadium,43736,46000,0.9508,false
2023,TCU,7,2023-10-14,BYU,true,Amon G. Carter Stadium,44599,46000,0.9695,false
2023,TCU,11,2023-11-11,Texas,true,Amon G. Carter Stadium,50812,46000,1.1046,false
2023,TCU,12,2023-11-18,Baylor,true,Amon G. Carter Stadium,42621,46000,0.9265,false
2023,Texas Tech,2,2023-09-09,Oregon,false,Jones AT&T Stadium,56200,56200,1.0000,false
2023,Texas Tech,3,2023-09-16,Tarleton State,false,Jones AT&T Stadium,56200,56200,1.0000,false
2023,Texas Tech,5,2023-09-30,Houston,true,Jones AT&T Stadium,53308,56200,0.9485,false
2023,Texas Tech,7,2023-10-14,Kansas State,true,Jones AT&T Stadium,56200,56200,1.0000,false
2023,Texas Tech,10,2023-11-02,TCU,true,Jones AT&T Stadium,51185,56200,0.9108,false
2023,Texas Tech,12,2023-11-18,UCF,true,Jones AT&T Stadium,53851,56200,0.9582,false
2023,UCF,1,2023-08-31,Kent State,false,FBC Mortgage Stadium,44088,44206,0.9973,false
2023,UCF,3,2023-09-16,Villanova,false,FBC Mortgage Stadium,44206,44206,1.0000,false
2023,UCF,5,2023-09-30,Baylor,true,FBC Mortgage Stadium,44005,44206,0.9955,false
2023,UCF,9,2023-10-28,West Virginia,true,FBC Mortgage Stadium,44136,44206,0.9984,false
2023,UCF,11,2023-11-11,Oklahoma State,true,FBC Mortgage Stadium,44046,44206,0.9964,false
2023,UCF,13,2023-11-25,Houston,true,FBC Mortgage Stadium,43610,44206,0.9865,false
2023,Utah,1,2023-08-31,Florida,false,Rice-Eccles Stadium,53644,51444,1.0428,false
2023,Utah,3,2023-09-16,Weber State,false,Rice-Eccles Stadium,51532,51444,1.0017,false
2023,Utah,4,2023-09-23,UCLA,false,Rice-Eccles Stadium,52919,51444,1.0287,false
2023,Utah,7,2023-10-14,California,false,Rice-Eccles Stadium,52115,51444,1.0130,false
2023,Utah,9,2023-10-28,Oregon,false,Rice-Eccles Stadium,53586,51444,1.0416,false
2023,Utah,10,2023-11-04,Arizona State,false,Rice-Eccles Stadium,52104,51444,1.0128,false
2023,Utah,13,2023-11-25,Colorado,false,Rice-Eccles Stadium,51595,51444,1.0029,false
2023,West Virginia,2,2023-09-09,Duquesne,false,Milan Puskar Stadium,50037,60000,0.8339,false
2023,West Virginia,3,2023-09-16,Pittsburgh,false,Milan Puskar Stadium,61106,60000,1.0184,false
2023,West Virginia,4,2023-09-23,Texas Tech,true,Milan Puskar Stadium,50071,60000,0.8345,false
2023,West Virginia,8,2023-10-21,Oklahoma State,true,Milan Puskar Stadium,51870,60000,0.8645,false
2023,West Virginia,10,2023-11-04,BYU,true,Milan Puskar Stadium,50266,60000,0.8378,false
2023,West Virginia,12,2023-11-18,Cincinnati,true,Milan Puskar Stadium,43588,60000,0.7265,false
2024,Arizona,1,2024-08-31,New Mexico,false,Arizona Stadium,44748,50782,0.8812,false
2024,Arizona,2,2024-09-07,Northern Arizona,false,Arizona Stadium,47746,50782,0.9402,false
2024,Arizona,6,2024-10-05,Texas Tech,true,Arizona Stadium,45773,50782,0.9014,false
2024,Arizona,8,2024-10-19,Colorado,true,Arizona Stadium,50724,50782,0.9989,false
2024,Arizona,9,2024-10-26,West Virginia,true,Arizona Stadium,49888,50782,0.9824,false
2024,Arizona,12,2024-11-15,Houston,true,Arizona Stadium,38538,50782,0.7589,false
2024,Arizona,14,2024-11-30,Arizona State,true,Arizona Stadium,49813,50782,0.9809,false
2024,Arizona State,1,2024-08-31,Wyoming,false,Mountain America Stadium,48108,53599,0.8976,false
2024,Arizona State,2,2024-09-07,Mississippi State,false,Mountain America Stadium,45504,53599,0.8490,false
2024,Arizona State,6,2024-10-05,Kansas,true,Mountain America Stadium,54639,53599,1.0194,false
2024,Arizona State,7,2024-10-11,Utah,true,Mountain America Stadium,45310,53599,0.8454,false
2024,Arizona State,11,2024-11-09,UCF,true,Mountain America Stadium,44940,53599,0.8384,false
2024,Arizona State,13,2024-11-23,BYU,true,Mountain America Stadium,55400,53599,1.0336,false
2024,BYU,1,2024-08-31,Southern Illinois,false,LaVell Edwards Stadium,63712,62073,1.0264,false
2024,BYU,4,2024-09-21,Kansas State,true,LaVell Edwards Stadium,64201,62073,1.0343,false
2024,BYU,7,2024-10-12,Arizona,true,LaVell Edwards Stadium,64420,62073,1.0378,false
2024,BYU,8,2024-10-18,Oklahoma State,true,LaVell Edwards Stadium,62841,62073,1.0124,false
2024,BYU,12,2024-11-16,Kansas,true,LaVell Edwards Stadium,62704,62073,1.0102,false
2024,BYU,14,2024-11-30,Houston,true,LaVell Edwards Stadium,59213,62073,0.9539,false
2024,Baylor,1,2024-08-31,Tarleton State,false,McLane Stadium,42272,45140,0.9365,false
2024,Baylor,3,2024-09-14,Air Force,false,McLane Stadium,46212,45140,1.0237,false
2024,Baylor,5,2024-09-28,BYU,true,McLane Stadium,39583,45140,0.8769,false
2024,Baylor,9,2024-10-26,Oklahoma State,true,McLane Stadium,44987,45140,0.9966,false
2024,Baylor,10,2024-11-02,TCU,true,McLane Stadium,44171,45140,0.9785,false
2024,Baylor,14,2024-11-30,Kansas,true,McLane Stadium,36585,45140,0.8105,false
2024,Cincinnati,1,2024-08-31,Towson,false,Nippert Stadium,37654,38088,0.9886,false
2024,Cincinnati,2,2024-09-07,Pittsburgh,false,Nippert Stadium,37992,38088,0.9975,false
2024,Cincinnati,4,2024-09-21,Houston,true,Nippert Stadium,38007,38088,0.9979,false
2024,Cincinnati,8,2024-10-19,Arizona State,true,Nippert Stadium,38007,38088,0.9979,false
2024,Cincinnati,11,2024-11-09,West Virginia,true,Nippert Stadium,38007,38088,0.9979,false
2024,Cincinnati,14,2024-11-30,TCU,true,Nippert Stadium,30021,38088,0.7882,false
2024,Colorado,1,2024-08-29,North Dakota State,false,Folsom Field,49438,50183,0.9852,false
2024,Colorado,4,2024-09-21,Baylor,true,Folsom Field,52794,50183,1.0520,false
2024,Colorado,7,2024-10-12,Kansas State,true,Folsom Field,53972,50183,1.0755,false
2024,Colorado,9,2024-10-26,Cincinnati,true,Folsom Field,53202,50183,1.0602,false
2024,Colorado,12,2024-11-16,Utah,true,Folsom Field,54646,50183,1.0889,false
2024,Colorado,14,2024-11-29,Oklahoma State,true,Folsom Field,51030,50183,1.0169,false
2024,Houston,1,2024-08-31,UNLV,false,TDECU Stadium,25750,40000,0.6438,false
2024,Houston,3,2024-09-14,Rice,false,TDECU Stadium,28146,40000,0.7036,false
2024,Houston,5,2024-09-28,Iowa State,true,TDECU Stadium,25138,40000,0.6284,false
2024,Houston,9,2024-10-26,Utah,true,TDECU Stadium,28251,40000,0.7063,false
2024,Houston,10,2024-11-02,Kansas State,true,TDECU Stadium,23085,40000,0.5771,false
2024,Houston,13,2024-11-23,Baylor,true,TDECU Stadium,34166,40000,0.8541,false
2024,Iowa State,1,2024-08-31,North Dakota,false,Jack Trice Stadium,56148,61500,0.9130,false
2024,Iowa State,4,2024-09-21,Arkansas State,false,Jack Trice Stadium,55428,61500,0.9013,false
2024,Iowa State,6,2024-10-05,Baylor,true,Jack Trice Stadium,61500,61500,1.0000,false
2024,Iowa State,8,2024-10-19,UCF,true,Jack Trice Stadium,61500,61500,1.0000,false
2024,Iowa State,10,2024-11-02,Texas Tech,true,Jack Trice Stadium,61500,61500,1.0000,false
2024,Iowa State,12,2024-11-16,Cincinnati,true,Jack Trice Stadium,52881,61500,0.8599,false
2024,Iowa State,14,2024-11-30,Kansas State,true,Jack Trice Stadium,56228,61500,0.9143,false
2024,Kansas,1,2024-08-29,Lindenwood,false,Children's Mercy Park,20829,18467,1.1279,false
2024,Kansas,3,2024-09-13,UNLV,false,Children's Mercy Park,21493,18467,1.1639,false
2024,Kansas,5,2024-09-28,TCU,true,GEHA Field at Arrowhead Stadium,47928,76416,0.6272,false
2024,Kansas,8,2024-10-19,Houston,true,GEHA Field at Arrowhead Stadium,38619,76416,0.5054,false
2024,Kansas,11,2024-11-09,Iowa State,true,GEHA Field at Arrowhead Stadium,51109,76416,0.6688,false
2024,Kansas,13,2024-11-23,Colorado,true,GEHA Field at Arrowhead Stadium,56470,76416,0.7390,false
2024,Kansas State,1,2024-08-31,UT Martin,false,Bill Snyder Family Football Stadium,51240,50000,1.0248,false
2024,Kansas State,3,2024-09-13,Arizona,false,Bill Snyder Family Football Stadium,51290,50000,1.0258,false
2024,Kansas State,5,2024-09-28,Oklahoma State,true,Bill Snyder Family Football Stadium,51741,50000,1.0348,false
2024,Kansas State,9,2024-10-26,Kansas,true,Bill Snyder Family Football Stadium,52074,50000,1.0415,false
2024,Kansas State,12,2024-11-16,Arizona State,true,Bill Snyder Family Football Stadium,51880,50000,1.0376,false
2024,Kansas State,13,2024-11-23,Cincinnati,true,Bill Snyder Family Football Stadium,50988,50000,1.0198,false
2024,Oklahoma State,1,2024-08-31,South Dakota State,false,Boone Pickens Stadium,52202,52305,0.9980,false
2024,Oklahoma State,2,2024-09-07,Arkansas,false,Boone Pickens Stadium,52202,52305,0.9980,false
2024,Oklahoma State,4,2024-09-21,Utah,true,Boone Pickens Stadium,52202,52305,0.9980,false
2024,Oklahoma State,6,2024-10-05,West Virginia,true,Boone Pickens Stadium,52202,52305,0.9980,false
2024,Oklahoma State,10,2024-11-02,Arizona State,true,Boone Pickens Stadium,52202,52305,0.9980,false
2024,Oklahoma State,13,2024-11-23,Texas Tech,true,Boone Pickens Stadium,52202,52305,0.9980,false
2024,TCU,2,2024-09-07,Long Island University,false,Amon G. Carter Stadium,44063,46000,0.9579,false
2024,TCU,3,2024-09-14,UCF,true,Amon G. Carter Stadium,48889,46000,1.0628,false
2024,TCU,6,2024-10-04,Houston,true,Amon G. Carter Stadium,44211,46000,0.9611,false
2024,TCU,9,2024-10-26,Texas Tech,true,Amon G. Carter Stadium,42144,46000,0.9162,false
2024,TCU,11,2024-11-09,Oklahoma State,true,Amon G. Carter Stadium,45348,46000,0.9858,false
2024,TCU,13,2024-11-23,Arizona,true,Amon G. Carter Stadium,42977,46000,0.9343,false
2024,Texas Tech,1,2024-08-31,Abilene Christian,false,Jones AT&T Stadium,60229,60229,1.0000,false
2024,Texas Tech,3,2024-09-14,North Texas,false,Jones AT&T Stadium,57865,60229,0.9607,false
2024,Texas Tech,4,2024-09-21,Arizona State,true,Jones AT&T Stadium,58795,60229,0.9762,false
2024,Texas Tech,5,2024-09-28,Cincinnati,true,Jones AT&T Stadium,60229,60229,1.0000,false
2024,Texas Tech,8,2024-10-19,Baylor,true,Jones AT&T Stadium,60229,60229,1.0000,false
2024,Texas Tech,11,2024-11-09,Colorado,true,Jones AT&T Stadium,60229,60229,1.0000,false
2024,Texas Tech,14,2024-11-30,West Virginia,true,Jones AT&T Stadium,52785,60229,0.8764,false
2024,UCF,1,2024-08-29,New Hampshire,false,FBC Mortgage Stadium,44206,44206,1.0000,false
2024,UCF,2,2024-09-07,Sam Houston,false,FBC Mortgage Stadium,43807,44206,0.9910,false
2024,UCF,5,2024-09-28,Colorado,true,FBC Mortgage Stadium,45702,44206,1.0338,false
2024,UCF,7,2024-10-12,Cincinnati,true,FBC Mortgage Stadium,42611,44206,0.9639,false
2024,UCF,9,2024-10-26,BYU,true,FBC Mortgage Stadium,42144,44206,0.9534,false
2024,UCF,10,2024-11-02,Arizona,true,FBC Mortgage Stadium,42110,44206,0.9526,false
2024,UCF,14,2024-11-29,Utah,true,FBC Mortgage Stadium,40747,44206,0.9218,false
2024,Utah,1,2024-08-29,Southern Utah,false,Rice-Eccles Stadium,52210,51444,1.0149,false
2024,Utah,2,2024-09-07,Baylor,false,Rice-Eccles Stadium,52827,51444,1.0269,false
2024,Utah,5,2024-09-28,Arizona,true,Rice-Eccles Stadium,52898,51444,1.0283,false
2024,Utah,8,2024-10-19,TCU,true,Rice-Eccles Stadium,53299,51444,1.0361,false
2024,Utah,11,2024-11-09,BYU,true,Rice-Eccles Stadium,54383,51444,1.0571,false
2024,Utah,13,2024-11-23,Iowa State,true,Rice-Eccles Stadium,52152,51444,1.0138,false
2024,West Virginia,1,2024-08-31,Penn State,false,Milan Puskar Stadium,62084,60000,1.0347,false
2024,West Virginia,2,2024-09-07,UAlbany,false,Milan Puskar Stadium,50073,60000,0.8346,false
2024,West Virginia,4,2024-09-21,Kansas,true,Milan Puskar Stadium,52428,60000,0.8738,false
2024,West Virginia,7,2024-10-12,Iowa State,true,Milan Puskar Stadium,55202,60000,0.9200,false
2024,West Virginia,8,2024-10-19,Kansas State,true,Milan Puskar Stadium,54327,60000,0.9054,false
2024,West Virginia,12,2024-11-16,Baylor,true,Milan Puskar Stadium,52376,60000,0.8729,false
2024,West Virginia,13,2024-11-23,UCF,true,Milan Puskar Stadium,40722,60000,0.6787,false
2025,Arizona,1,2025-08-30,Hawai'i,false,Arizona Stadium,42423,50782,0.8354,false
2025,Arizona,2,2025-09-06,Weber State,false,Arizona Stadium,40038,50782,0.7884,false
2025,Arizona,3,2025-09-12,Kansas State,false,Arizona Stadium,40051,50782,0.7887,false
2025,Arizona,6,2025-10-04,Oklahoma State,true,Arizona Stadium,40685,50782,0.8012,false
2025,Arizona,7,2025-10-11,BYU,true,Arizona Stadium,47960,50782,0.9444,false
2025,Arizona,11,2025-11-08,Kansas,true,Arizona Stadium,41115,50782,0.8096,false
2025,Arizona,13,2025-11-22,Baylor,true,Arizona Stadium,40199,50782,0.7916,false
2025,Arizona State,1,2025-08-30,Northern Arizona,false,Mountain America Stadium,56759,53599,1.0590,false
2025,Arizona State,3,2025-09-13,Texas State,false,Mountain America Stadium,54005,53599,1.0076,false
2025,Arizona State,5,2025-09-26,TCU,true,Mountain America Stadium,53774,53599,1.0033,false
2025,Arizona State,8,2025-10-18,Texas Tech,true,Mountain America Stadium,54177,53599,1.0108,false
2025,Arizona State,9,2025-10-25,Houston,true,Mountain America Stadium,54256,53599,1.0123,false
2025,Arizona State,12,2025-11-15,West Virginia,true,Mountain America Stadium,54101,53599,1.0094,false
2025,Arizona State,14,2025-11-28,Arizona,true,Mountain America Stadium,54037,53599,1.0082,false
2025,BYU,1,2025-08-30,Portland State,false,LaVell Edwards Stadium,64494,62073,1.0390,false
2025,BYU,2,2025-09-06,Stanford,false,LaVell Edwards Stadium,64692,62073,1.0422,false
2025,BYU,6,2025-10-03,West Virginia,true,LaVell Edwards Stadium,63917,62073,1.0297,false
2025,BYU,8,2025-10-18,Utah,true,LaVell Edwards Stadium,64794,62073,1.0438,false
2025,BYU,12,2025-11-15,TCU,true,LaVell Edwards Stadium,64447,62073,1.0382,false
2025,BYU,14,2025-11-29,UCF,true,LaVell Edwards Stadium,60389,62073,0.9729,false
2025,Baylor,1,2025-08-29,Auburn,false,McLane Stadium,45233,45140,1.0021,false
2025,Baylor,3,2025-09-13,Samford,false,McLane Stadium,41215,45140,0.9130,false
2025,Baylor,4,2025-09-20,Arizona State,true,McLane Stadium,40964,45140,0.9075,false
2025,Baylor,6,2025-10-04,Kansas State,true,McLane Stadium,35596,45140,0.7886,false
2025,Baylor,10,2025-11-01,UCF,true,McLane Stadium,40212,45140,0.8908,false
2025,Baylor,12,2025-11-15,Utah,true,McLane Stadium,38186,45140,0.8459,false
2025,Baylor,14,2025-11-29,Houston,true,McLane Stadium,34720,45140,0.7692,false
2025,Cincinnati,2,2025-09-06,Bowling Green,false,Nippert Stadium,35421,38088,0.9300,false
2025,Cincinnati,3,2025-09-13,Northwestern State,false,Nippert Stadium,30014,38088,0.7880,false
2025,Cincinnati,6,2025-10-04,Iowa State,true,Nippert Stadium,38007,38088,0.9979,false
2025,Cincinnati,7,2025-10-11,UCF,true,Nippert Stadium,35782,38088,0.9395,false
2025,Cincinnati,9,2025-10-25,Baylor,true,Nippert Stadium,38007,38088,0.9979,false
2025,Cincinnati,12,2025-11-15,Arizona,true,Nippert Stadium,37099,38088,0.9740,false
2025,Cincinnati,13,2025-11-22,BYU,true,Nippert Stadium,38034,38088,0.9986,false
2025,Colorado,1,2025-08-29,Georgia Tech,false,Folsom Field,52868,50183,1.0535,false
2025,Colorado,2,2025-09-06,Delaware,false,Folsom Field,50341,50183,1.0031,false
2025,Colorado,4,2025-09-20,Wyoming,false,Folsom Field,53442,50183,1.0649,false
2025,Colorado,5,2025-09-27,BYU,true,Folsom Field,52265,50183,1.0415,false
2025,Colorado,7,2025-10-11,Iowa State,true,Folsom Field,52698,50183,1.0501,false
2025,Colorado,10,2025-11-01,Arizona,true,Folsom Field,48322,50183,0.9629,false
2025,Colorado,13,2025-11-22,Arizona State,true,Folsom Field,43348,50183,0.8638,false
2025,Houston,1,2025-08-28,Stephen F. Austin,false,TDECU Stadium,28150,40000,0.7037,false
2025,Houston,3,2025-09-12,Colorado,true,TDECU Stadium,37899,40000,0.9475,false
2025,Houston,6,2025-10-04,Texas Tech,true,TDECU Stadium,42806,40000,1.0701,false
2025,Houston,8,2025-10-18,Arizona,true,TDECU Stadium,28535,40000,0.7134,false
2025,Houston,10,2025-11-01,West Virginia,true,TDECU Stadium,25049,40000,0.6262,false
2025,Houston,13,2025-11-22,TCU,true,TDECU Stadium,30852,40000,0.7713,false
2025,Iowa State,1,2025-08-30,South Dakota,false,Jack Trice Stadium,61500,61500,1.0000,false
2025,Iowa State,2,2025-09-06,Iowa,false,Jack Trice Stadium,61500,61500,1.0000,false
2025,Iowa State,5,2025-09-27,Arizona,true,Jack Trice Stadium,61500,61500,1.0000,false
2025,Iowa State,9,2025-10-25,BYU,true,Jack Trice Stadium,61500,61500,1.0000,false
2025,Iowa State,10,2025-11-01,Arizona State,true,Jack Trice Stadium,60899,61500,0.9902,false
2025,Iowa State,13,2025-11-22,Kansas,true,Jack Trice Stadium,58275,61500,0.9476,false
2025,Kansas,0,2025-08-23,Fresno State,false,David Booth Kansas Memorial Stadium,41525,41525,1.0000,false
2025,Kansas,1,2025-08-29,Wagner,false,David Booth Kansas Memorial Stadium,39129,41525,0.9423,false
2025,Kansas,4,2025-09-20,West Virginia,true,David Booth Kansas Memorial Stadium,40320,41525,0.9710,false
2025,Kansas,5,2025-09-27,Cincinnati,true,David Booth Kansas Memorial Stadium,41525,41525,1.0000,false
2025,Kansas,9,2025-10-25,Kansas State,true,David Booth Kansas Memorial Stadium,41525,41525,1.0000,false
2025,Kansas,10,2025-11-01,Oklahoma State,true,David Booth Kansas Memorial Stadium,39511,41525,0.9515,false
2025,Kansas,14,2025-11-28,Utah,true,David Booth Kansas Memorial Stadium,32811,41525,0.7902,false
2025,Kansas State,1,2025-08-30,North Dakota,false,Bill Snyder Family Football Stadium,51927,50000,1.0385,false
2025,Kansas State,2,2025-09-06,Army,false,Bill Snyder Family Football Stadium,52723,50000,1.0545,false
2025,Kansas State,5,2025-09-27,UCF,true,Bill Snyder Family Football Stadium,53013,50000,1.0603,false
2025,Kansas State,7,2025-10-11,TCU,true,Bill Snyder Family Football Stadium,51316,50000,1.0263,false
2025,Kansas State,10,2025-11-01,Texas Tech,true,Bill Snyder Family Football Stadium,52111,50000,1.0422,false
2025,Kansas State,14,2025-11-29,Colorado,true,Bill Snyder Family Football Stadium,49549,50000,0.9910,false
2025,Oklahoma State,1,2025-08-28,UT Martin,false,Boone Pickens Stadium,44809,52202,0.8584,false
2025,Oklahoma State,4,2025-09-19,Tulsa,false,Boone Pickens Stadium,48842,52202,0.9356,false
2025,Oklahoma State,5,2025-09-27,Baylor,true,Boone Pickens Stadium,45689,52202,0.8752,false
2025,Oklahoma State,7,2025-10-11,Houston,true,Boone Pickens Stadium,44941,52202,0.8609,false
2025,Oklahoma State,8,2025-10-18,Cincinnati,true,Boone Pickens Stadium,46901,52202,0.8985,false
2025,Oklahoma State,12,2025-11-15,Kansas State,true,Boone Pickens Stadium,46340,52202,0.8877,false
2025,Oklahoma State,14,2025-11-29,Iowa State,true,Boone Pickens Stadium,35127,52202,0.6729,false
2025,TCU,3,2025-09-13,Abilene Christian,false,Amon G. Carter Stadium,48094,46000,1.0455,false
2025,TCU,4,2025-09-20,SMU,false,Amon G. Carter Stadium,43333,46000,0.9420,false
2025,TCU,6,2025-10-04,Colorado,true,Amon G. Carter Stadium,43160,46000,0.9383,false
2025,TCU,8,2025-10-18,Baylor,true,Amon G. Carter Stadium,43868,46000,0.9537,false
2025,TCU,11,2025-11-08,Iowa State,true,Amon G. Carter Stadium,44197,46000,0.9608,false
2025,TCU,14,2025-11-29,Cincinnati,true,Amon G. Carter Stadium,37259,46000,0.8100,false
2025,Texas Tech,1,2025-08-30,Arkansas-Pine Bluff,false,Jones AT&T Stadium,60229,60229,1.0000,false
2025,Texas Tech,2,2025-09-06,Kent State,false,Jones AT&T Stadium,60229,60229,1.0000,false
2025,Texas Tech,3,2025-09-13,Oregon State,false,Jones AT&T Stadium,60229,60229,1.0000,false
2025,Texas Tech,7,2025-10-11,Kansas,true,Jones AT&T Stadium,60229,60229,1.0000,false
2025,Texas Tech,9,2025-10-25,Oklahoma State,true,Jones AT&T Stadium,59625,60229,0.9900,false
2025,Texas Tech,11,2025-11-08,BYU,true,Jones AT&T Stadium,60229,60229,1.0000,false
2025,Texas Tech,12,2025-11-15,UCF,true,Jones AT&T Stadium,60229,60229,1.0000,false
2025,UCF,1,2025-08-28,Jacksonville State,false,Acrisure Bounce House,43043,44206,0.9737,false
2025,UCF,2,2025-09-06,North Carolina A&T,false,Acrisure Bounce House,44009,44206,0.9955,false
2025,UCF,4,2025-09-20,North Carolina,false,Acrisure Bounce House,44206,44206,1.0000,false
2025,UCF,6,2025-10-04,Kansas,true,Acrisure Bounce House,43229,44206,0.9779,false
2025,UCF,8,2025-10-18,West Virginia,true,Acrisure Bounce House,43445,44206,0.9828,false
2025,UCF,11,2025-11-07,Houston,true,Acrisure Bounce House,44206,44206,1.0000,false
2025,UCF,13,2025-11-22,Oklahoma State,true,Acrisure Bounce House,41723,44206,0.9438,false
2025,Utah,2,2025-09-06,Cal Poly,false,Rice-Eccles Stadium,51463,51444,1.0004,false
2025,Utah,4,2025-09-20,Texas Tech,true,Rice-Eccles Stadium,52236,51444,1.0154,false
2025,Utah,7,2025-10-11,Arizona State,true,Rice-Eccles Stadium,51444,51444,1.0000,false
2025,Utah,9,2025-10-25,Colorado,true,Rice-Eccles Stadium,51949,51444,1.0098,false
2025,Utah,10,2025-11-01,Cincinnati,true,Rice-Eccles Stadium,51672,51444,1.0044,false
2025,Utah,13,2025-11-22,Kansas State,true,Rice-Eccles Stadium,51444,51444,1.0000,false
2025,West Virginia,1,2025-08-30,Robert Morris,false,Milan Puskar Stadium,57093,60000,0.9516,false
2025,West Virginia,3,2025-09-13,Pittsburgh,false,Milan Puskar Stadium,62108,60000,1.0351,false
2025,West Virginia,5,2025-09-27,Utah,true,Milan Puskar Stadium,53965,60000,0.8994,false
2025,West Virginia,9,2025-10-25,TCU,true,Milan Puskar Stadium,54110,60000,0.9018,false
2025,West Virginia,11,2025-11-08,Colorado,true,Milan Puskar Stadium,55510,60000,0.9252,false
2025,West Virginia,14,2025-11-29,Texas Tech,true,Milan Puskar Stadium,44250,60000,0.7375,false
2026,UCF,1,2026-09-03,Bethune-Cookman,false,Acrisure Bounce House,43127,44206,0.9756,false
2026,Utah,1,2026-09-03,Idaho,false,Rice-Eccles Stadium,51444,51444,1.0000,false
